text,label
"A Cashier position is now open at Thandeka (Pty) Ltd 351, Cape Town. Remuneration is R6218 per month, in line with industry norms. The successful candidate will handle day-to-day cashier tasks for the team. Candidates should have a Grade 12 qualification and some relevant work history. To apply, submit your CV via our official careers page at careers.thandeka351.co.za. Only shortlisted applicants will be contacted. This process is entirely free of charge to candidates.",0
"We're looking for a General Worker to join Nomvula Retail 45 in Nelspruit. Remuneration is R7223 per month, in line with industry norms. The successful candidate will handle day-to-day general worker tasks for the team. Candidates should have a Grade 12 qualification and some relevant work history. Interested candidates can send a CV through our listing on Pnet. Only shortlisted applicants will be contacted. This process is entirely free of charge to candidates.",0
"Karabo Logistics 445 has a vacancy for a HR Assistant in the Midrand area. The role pays R10504/month depending on relevant experience. Responsibilities cover the standard scope of a hr assistant role at this level. Minimum requirement: Matric certificate, relevant experience preferred. To apply, submit your CV via our official careers page at careers.karabologistics445.co.za. Shortlisted candidates will be contacted for an interview within two weeks. No fees of any kind are charged during recruitment.",0
"Sizwe Logistics 93 has a vacancy for a Cashier in the Nelspruit area. Salary offered is R8164 per month, negotiable based on experience. Responsibilities cover the standard scope of a cashier role at this level. A completed Matric and prior experience in a similar role is preferred. Interested candidates can send a CV through our listing on our LinkedIn page. Shortlisted candidates will be contacted for an interview within two weeks. No fees of any kind are charged during recruitment.",0
"A Security Officer position is now open at Mpho (Pty) Ltd 57, Midrand. Remuneration is R5522 per month, in line with industry norms. The successful candidate will handle day-to-day security officer tasks for the team. A completed Matric and prior experience in a similar role is preferred. To apply, submit your CV via our official careers page at careers.mpho57.co.za. We do not charge any fee at any stage of hiring. Shortlisted candidates hear back within ten working days.",0
Vuyo Retail 575 is recruiting a Accountant based in Durban. The role pays R16369/month depending on relevant experience. Responsibilities cover the standard scope of a accountant role at this level. Candidates should have a Grade 12 qualification and some relevant work history. Please apply directly through our LinkedIn page with an updated CV. Only shortlisted applicants will be contacted. This process is entirely free of charge to candidates.,0
"Sizwe Holdings 619 has a vacancy for a Driver in the Gqeberha area. Salary offered is R7939 per month, negotiable based on experience. Duties include general driver responsibilities as outlined in the attached job description. A completed Matric and prior experience in a similar role is preferred. Interested candidates can send a CV through our listing on Indeed. Shortlisted candidates will be contacted for an interview within two weeks. No fees of any kind are charged during recruitment.",0
"We're looking for a Receptionist to join Vuyo Retail 746 in Nelspruit. The role pays R10786/month depending on relevant experience. Duties include general receptionist responsibilities as outlined in the attached job description. Minimum requirement: Matric certificate, relevant experience preferred. To apply, submit your CV via our official careers page at careers.vuyoretail746.co.za. Shortlisted candidates will be contacted for an interview within two weeks. No fees of any kind are charged during recruitment.",0
"Driver needed, Durban area, R27166/month. Kindly note a refundable registration deposit is required before your starter pack is issued. Limited spaces, apply now.",1
"Karabo Retail 674 is recruiting a Data Capturer based in Polokwane. Remuneration is R8994 per month, in line with industry norms. The successful candidate will handle day-to-day data capturer tasks for the team. Minimum requirement: Matric certificate, relevant experience preferred. To apply, submit your CV via our official careers page at careers.karaboretail674.co.za. Shortlisted candidates will be contacted for an interview within two weeks. No fees of any kind are charged during recruitment.",0
"A Cleaner position is now open at Vuyo Solutions 606, Pretoria. The role pays R6860/month depending on relevant experience. The successful candidate will handle day-to-day cleaner tasks for the team. Candidates should have a Grade 12 qualification and some relevant work history. To apply, submit your CV via our official careers page at careers.vuyosolutions606.co.za. We do not charge any fee at any stage of hiring. Shortlisted candidates hear back within ten working days.",0
"A Sales Representative position is now open at Sizwe Holdings 550, Pretoria. Salary offered is R13588 per month, negotiable based on experience. Responsibilities cover the standard scope of a sales representative role at this level. Minimum requirement: Matric certificate, relevant experience preferred. Please apply directly through Careers24 with an updated CV. Shortlisted candidates will be contacted for an interview within two weeks. No fees of any kind are charged during recruitment.",0
We're looking for a General Worker to join Thandeka Retail 111 in Polokwane. The role pays R7868/month depending on relevant experience. Duties include general general worker responsibilities as outlined in the attached job description. A completed Matric and prior experience in a similar role is preferred. Please apply directly through Indeed with an updated CV. We do not charge any fee at any stage of hiring. Shortlisted candidates hear back within ten working days.,0
"We're looking for a Accountant to join Karabo (Pty) Ltd 142 in Durban. The role pays R24574/month depending on relevant experience. Duties include general accountant responsibilities as outlined in the attached job description. Minimum requirement: Matric certificate, relevant experience preferred. Please apply directly through Careers24 with an updated CV. We do not charge any fee at any stage of hiring. Shortlisted candidates hear back within ten working days.",0
"A General Worker position is now open at Vuyo Group 545, Durban. Remuneration is R7669 per month, in line with industry norms. Duties include general general worker responsibilities as outlined in the attached job description. Candidates should have a Grade 12 qualification and some relevant work history. Interested candidates can send a CV through our listing on Careers24. We do not charge any fee at any stage of hiring. Shortlisted candidates hear back within ten working days.",0
"Receptionist position available, Gqeberha, R21836/month, apply today! A small registration fee is required to process your onboarding pack. Kindly WhatsApp 0614009366 with your full ID number and banking details for verification as per our POPIA data policy. Act fast, this offer closes tonight!",1
"Vuyo (Pty) Ltd 557 has a vacancy for a HR Assistant in the Nelspruit area. Salary offered is R10110 per month, negotiable based on experience. Duties include general hr assistant responsibilities as outlined in the attached job description. Candidates should have a Grade 12 qualification and some relevant work history. Interested candidates can send a CV through our listing on Careers24. Shortlisted candidates will be contacted for an interview within two weeks. No fees of any kind are charged during recruitment.",0
"Warehouse Assistant vacancy in Bloemfontein, R28739 a month. WhatsApp 0834176986 if interested, only a few spots remain so don't delay your application.",1
"We're looking for a Accountant to join Lerato Solutions 306 in Midrand. The role pays R27745/month depending on relevant experience. Duties include general accountant responsibilities as outlined in the attached job description. Minimum requirement: Matric certificate, relevant experience preferred. Please apply directly through Pnet with an updated CV. Shortlisted candidates will be contacted for an interview within two weeks. No fees of any kind are charged during recruitment.",0
"We're looking for a Administrator to join Vuyo (Pty) Ltd 568 in Kimberley. Remuneration is R10699 per month, in line with industry norms. The successful candidate will handle day-to-day administrator tasks for the team. Candidates should have a Grade 12 qualification and some relevant work history. Please apply directly through Pnet with an updated CV. We do not charge any fee at any stage of hiring. Shortlisted candidates hear back within ten working days.",0
"Sizwe Group 467 is recruiting a Security Officer based in Nelspruit. Remuneration is R7227 per month, in line with industry norms. The successful candidate will handle day-to-day security officer tasks for the team. Minimum requirement: Matric certificate, relevant experience preferred. Please apply directly through Pnet with an updated CV. We do not charge any fee at any stage of hiring. Shortlisted candidates hear back within ten working days.",0
"Karabo Logistics 231 has a vacancy for a Cleaner in the Johannesburg area. Salary offered is R5089 per month, negotiable based on experience. The successful candidate will handle day-to-day cleaner tasks for the team. A completed Matric and prior experience in a similar role is preferred. Interested candidates can send a CV through our listing on Indeed. Shortlisted candidates will be contacted for an interview within two weeks. No fees of any kind are charged during recruitment.",0
"Thandeka (Pty) Ltd 581 has a vacancy for a Sales Representative in the Polokwane area. The role pays R11742/month depending on relevant experience. Responsibilities cover the standard scope of a sales representative role at this level. Candidates should have a Grade 12 qualification and some relevant work history. To apply, submit your CV via our official careers page at careers.thandeka581.co.za. We do not charge any fee at any stage of hiring. Shortlisted candidates hear back within ten working days.",0
"A Administrator position is now open at Vuyo Group 627, Midrand. The role pays R8188/month depending on relevant experience. Responsibilities cover the standard scope of a administrator role at this level. Minimum requirement: Matric certificate, relevant experience preferred. Please apply directly through our LinkedIn page with an updated CV. We do not charge any fee at any stage of hiring. Shortlisted candidates hear back within ten working days.",0
"A HR Assistant position is now open at Sizwe Solutions 505, Gqeberha. Remuneration is R13239 per month, in line with industry norms. Duties include general hr assistant responsibilities as outlined in the attached job description. Minimum requirement: Matric certificate, relevant experience preferred. Interested candidates can send a CV through our listing on Indeed. Only shortlisted applicants will be contacted. This process is entirely free of charge to candidates.",0
"Mpho Retail 639 is recruiting a Software Developer based in Cape Town. The role pays R32131/month depending on relevant experience. The successful candidate will handle day-to-day software developer tasks for the team. Candidates should have a Grade 12 qualification and some relevant work history. To apply, submit your CV via our official careers page at careers.mphoretail639.co.za. Shortlisted candidates will be contacted for an interview within two weeks. No fees of any kind are charged during recruitment.",0
"A General Worker position is now open at Vuyo Solutions 360, Polokwane. Salary offered is R6761 per month, negotiable based on experience. The successful candidate will handle day-to-day general worker tasks for the team. A completed Matric and prior experience in a similar role is preferred. Please apply directly through our LinkedIn page with an updated CV. Shortlisted candidates will be contacted for an interview within two weeks. No fees of any kind are charged during recruitment.",0
Sizwe Holdings 715 is recruiting a Sales Representative based in Pretoria. The role pays R7332/month depending on relevant experience. Responsibilities cover the standard scope of a sales representative role at this level. Candidates should have a Grade 12 qualification and some relevant work history. Please apply directly through Indeed with an updated CV. We do not charge any fee at any stage of hiring. Shortlisted candidates hear back within ten working days.,0
"Warehouse Assistant position available, Durban, R22706/month, apply today! A small registration fee is required to process your onboarding pack. Kindly WhatsApp 0797883963 with your full ID number and banking details for verification as per our POPIA data policy. Act fast, this offer closes tonight!",1
"A HR Assistant position is now open at Karabo Solutions 354, Nelspruit. The role pays R12457/month depending on relevant experience. Duties include general hr assistant responsibilities as outlined in the attached job description. Candidates should have a Grade 12 qualification and some relevant work history. To apply, submit your CV via our official careers page at careers.karabosolutions354.co.za. Only shortlisted applicants will be contacted. This process is entirely free of charge to candidates.",0
"A Security Officer position is now open at Thandeka (Pty) Ltd 295, Johannesburg. Salary offered is R7795 per month, negotiable based on experience. Duties include general security officer responsibilities as outlined in the attached job description. Minimum requirement: Matric certificate, relevant experience preferred. Interested candidates can send a CV through our listing on our LinkedIn page. Shortlisted candidates will be contacted for an interview within two weeks. No fees of any kind are charged during recruitment.",0
"We're looking for a Sales Representative to join Nomvula (Pty) Ltd 389 in Cape Town. Salary offered is R8074 per month, negotiable based on experience. Responsibilities cover the standard scope of a sales representative role at this level. A completed Matric and prior experience in a similar role is preferred. Please apply directly through Pnet with an updated CV. Only shortlisted applicants will be contacted. This process is entirely free of charge to candidates.",0
"A HR Assistant position is now open at Nomvula Logistics 540, Johannesburg. Salary offered is R10460 per month, negotiable based on experience. Duties include general hr assistant responsibilities as outlined in the attached job description. Candidates should have a Grade 12 qualification and some relevant work history. Interested candidates can send a CV through our listing on our LinkedIn page. Only shortlisted applicants will be contacted. This process is entirely free of charge to candidates.",0
"Sizwe Holdings 388 has a vacancy for a Security Officer in the Durban area. Salary offered is R7813 per month, negotiable based on experience. Duties include general security officer responsibilities as outlined in the attached job description. Candidates should have a Grade 12 qualification and some relevant work history. To apply, submit your CV via our official careers page at careers.sizweholdings388.co.za. Shortlisted candidates will be contacted for an interview within two weeks. No fees of any kind are charged during recruitment.",0
"We're looking for a IT Support Technician to join Sizwe Group 683 in Gqeberha. Remuneration is R12634 per month, in line with industry norms. The successful candidate will handle day-to-day it support technician tasks for the team. A completed Matric and prior experience in a similar role is preferred. To apply, submit your CV via our official careers page at careers.sizwegroup683.co.za. Shortlisted candidates will be contacted for an interview within two weeks. No fees of any kind are charged during recruitment.",0
"Lerato Logistics 42 is recruiting a General Worker based in Polokwane. The role pays R5915/month depending on relevant experience. The successful candidate will handle day-to-day general worker tasks for the team. Minimum requirement: Matric certificate, relevant experience preferred. Interested candidates can send a CV through our listing on Pnet. We do not charge any fee at any stage of hiring. Shortlisted candidates hear back within ten working days.",0
"Sizwe Group 420 has a vacancy for a HR Assistant in the Cape Town area. Remuneration is R8463 per month, in line with industry norms. Responsibilities cover the standard scope of a hr assistant role at this level. Minimum requirement: Matric certificate, relevant experience preferred. To apply, submit your CV via our official careers page at careers.sizwegroup420.co.za. Shortlisted candidates will be contacted for an interview within two weeks. No fees of any kind are charged during recruitment.",0
"Karabo Group 343 is recruiting a Sales Representative based in Bloemfontein. Remuneration is R12640 per month, in line with industry norms. The successful candidate will handle day-to-day sales representative tasks for the team. Candidates should have a Grade 12 qualification and some relevant work history. Please apply directly through Pnet with an updated CV. Shortlisted candidates will be contacted for an interview within two weeks. No fees of any kind are charged during recruitment.",0
"Karabo Retail 620 has a vacancy for a IT Support Technician in the Pretoria area. The role pays R17889/month depending on relevant experience. The successful candidate will handle day-to-day it support technician tasks for the team. Minimum requirement: Matric certificate, relevant experience preferred. Please apply directly through Pnet with an updated CV. Shortlisted candidates will be contacted for an interview within two weeks. No fees of any kind are charged during recruitment.",0
"Mpho Holdings 600 is recruiting a Cashier based in Polokwane. Salary offered is R7511 per month, negotiable based on experience. Duties include general cashier responsibilities as outlined in the attached job description. Candidates should have a Grade 12 qualification and some relevant work history. Please apply directly through Pnet with an updated CV. Shortlisted candidates will be contacted for an interview within two weeks. No fees of any kind are charged during recruitment.",0
"We're looking for a General Worker to join Thandeka Group 1 in Johannesburg. Remuneration is R4630 per month, in line with industry norms. The successful candidate will handle day-to-day general worker tasks for the team. Minimum requirement: Matric certificate, relevant experience preferred. Please apply directly through Careers24 with an updated CV. We do not charge any fee at any stage of hiring. Shortlisted candidates hear back within ten working days.",0
"We're looking for a Data Capturer to join Sizwe Solutions 512 in Pretoria. Remuneration is R7523 per month, in line with industry norms. Responsibilities cover the standard scope of a data capturer role at this level. A completed Matric and prior experience in a similar role is preferred. To apply, submit your CV via our official careers page at careers.sizwesolutions512.co.za. Shortlisted candidates will be contacted for an interview within two weeks. No fees of any kind are charged during recruitment.",0
Mpho Retail 622 has a vacancy for a Driver in the Kimberley area. The role pays R10199/month depending on relevant experience. Responsibilities cover the standard scope of a driver role at this level. Candidates should have a Grade 12 qualification and some relevant work history. Interested candidates can send a CV through our listing on Careers24. Shortlisted candidates will be contacted for an interview within two weeks. No fees of any kind are charged during recruitment.,0
"Sizwe Holdings 419 is recruiting a IT Support Technician based in Gqeberha. Remuneration is R16839 per month, in line with industry norms. Duties include general it support technician responsibilities as outlined in the attached job description. Minimum requirement: Matric certificate, relevant experience preferred. Interested candidates can send a CV through our listing on Careers24. Shortlisted candidates will be contacted for an interview within two weeks. No fees of any kind are charged during recruitment.",0
"We're looking for a Receptionist to join Vuyo Logistics 356 in Nelspruit. Remuneration is R10435 per month, in line with industry norms. Duties include general receptionist responsibilities as outlined in the attached job description. Candidates should have a Grade 12 qualification and some relevant work history. Please apply directly through our LinkedIn page with an updated CV. We do not charge any fee at any stage of hiring. Shortlisted candidates hear back within ten working days.",0
"Lerato Holdings 76 is recruiting a Administrator based in Pretoria. Remuneration is R13734 per month, in line with industry norms. The successful candidate will handle day-to-day administrator tasks for the team. A completed Matric and prior experience in a similar role is preferred. To apply, submit your CV via our official careers page at careers.leratoholdings76.co.za. Shortlisted candidates will be contacted for an interview within two weeks. No fees of any kind are charged during recruitment.",0
"Lerato (Pty) Ltd 163 is recruiting a Warehouse Assistant based in Midrand. The role pays R7219/month depending on relevant experience. The successful candidate will handle day-to-day warehouse assistant tasks for the team. A completed Matric and prior experience in a similar role is preferred. To apply, submit your CV via our official careers page at careers.lerato163.co.za. We do not charge any fee at any stage of hiring. Shortlisted candidates hear back within ten working days.",0
"Thandeka Logistics 164 has a vacancy for a Call Centre Agent in the Nelspruit area. Salary offered is R8886 per month, negotiable based on experience. The successful candidate will handle day-to-day call centre agent tasks for the team. Candidates should have a Grade 12 qualification and some relevant work history. To apply, submit your CV via our official careers page at careers.thandekalogistics164.co.za. We do not charge any fee at any stage of hiring. Shortlisted candidates hear back within ten working days.",0
"Thandeka Retail 218 is recruiting a HR Assistant based in Cape Town. The role pays R10945/month depending on relevant experience. Responsibilities cover the standard scope of a hr assistant role at this level. Minimum requirement: Matric certificate, relevant experience preferred. Interested candidates can send a CV through our listing on Indeed. We do not charge any fee at any stage of hiring. Shortlisted candidates hear back within ten working days.",0
"We're looking for a Call Centre Agent to join Sizwe Group 707 in Cape Town. Salary offered is R7666 per month, negotiable based on experience. Duties include general call centre agent responsibilities as outlined in the attached job description. Candidates should have a Grade 12 qualification and some relevant work history. Please apply directly through Pnet with an updated CV. Shortlisted candidates will be contacted for an interview within two weeks. No fees of any kind are charged during recruitment.",0
"Nomvula (Pty) Ltd 448 is recruiting a Warehouse Assistant based in Pretoria. Remuneration is R6578 per month, in line with industry norms. The successful candidate will handle day-to-day warehouse assistant tasks for the team. Minimum requirement: Matric certificate, relevant experience preferred. Please apply directly through our LinkedIn page with an updated CV. We do not charge any fee at any stage of hiring. Shortlisted candidates hear back within ten working days.",0
"General Worker vacancy in Bloemfontein, R23240 a month. WhatsApp 0629249220 if interested, only a few spots remain so don't delay your application.",1
"We're looking for a Cleaner to join Nomvula Group 417 in Gqeberha. Salary offered is R5485 per month, negotiable based on experience. The successful candidate will handle day-to-day cleaner tasks for the team. A completed Matric and prior experience in a similar role is preferred. Interested candidates can send a CV through our listing on Indeed. We do not charge any fee at any stage of hiring. Shortlisted candidates hear back within ten working days.",0
"A Sales Representative position is now open at Thandeka Retail 573, Pretoria. Remuneration is R8012 per month, in line with industry norms. Responsibilities cover the standard scope of a sales representative role at this level. Minimum requirement: Matric certificate, relevant experience preferred. Please apply directly through our LinkedIn page with an updated CV. We do not charge any fee at any stage of hiring. Shortlisted candidates hear back within ten working days.",0
"A General Worker position is now open at Karabo Logistics 434, Pretoria. Remuneration is R7922 per month, in line with industry norms. Duties include general general worker responsibilities as outlined in the attached job description. A completed Matric and prior experience in a similar role is preferred. Please apply directly through Careers24 with an updated CV. Shortlisted candidates will be contacted for an interview within two weeks. No fees of any kind are charged during recruitment.",0
We're looking for a General Worker to join Nomvula Solutions 296 in Durban. The role pays R5328/month depending on relevant experience. Duties include general general worker responsibilities as outlined in the attached job description. A completed Matric and prior experience in a similar role is preferred. Interested candidates can send a CV through our listing on Indeed. Shortlisted candidates will be contacted for an interview within two weeks. No fees of any kind are charged during recruitment.,0
"We're looking for a Warehouse Assistant to join Sizwe Holdings 315 in Kimberley. Salary offered is R5688 per month, negotiable based on experience. Duties include general warehouse assistant responsibilities as outlined in the attached job description. A completed Matric and prior experience in a similar role is preferred. Please apply directly through our LinkedIn page with an updated CV. Shortlisted candidates will be contacted for an interview within two weeks. No fees of any kind are charged during recruitment.",0
"A Driver position is now open at Thandeka Retail 34, Johannesburg. The role pays R8057/month depending on relevant experience. Duties include general driver responsibilities as outlined in the attached job description. Minimum requirement: Matric certificate, relevant experience preferred. Interested candidates can send a CV through our listing on Careers24. We do not charge any fee at any stage of hiring. Shortlisted candidates hear back within ten working days.",0
"Mpho Holdings 339 is recruiting a IT Support Technician based in Johannesburg. The role pays R13584/month depending on relevant experience. The successful candidate will handle day-to-day it support technician tasks for the team. Minimum requirement: Matric certificate, relevant experience preferred. To apply, submit your CV via our official careers page at careers.mphoholdings339.co.za. We do not charge any fee at any stage of hiring. Shortlisted candidates hear back within ten working days.",0
"A HR Assistant position is now open at Lerato Group 690, Gqeberha. The role pays R8715/month depending on relevant experience. The successful candidate will handle day-to-day hr assistant tasks for the team. A completed Matric and prior experience in a similar role is preferred. Please apply directly through Pnet with an updated CV. We do not charge any fee at any stage of hiring. Shortlisted candidates hear back within ten working days.",0
"A Accountant position is now open at Karabo Logistics 227, Pretoria. Remuneration is R19697 per month, in line with industry norms. Duties include general accountant responsibilities as outlined in the attached job description. A completed Matric and prior experience in a similar role is preferred. To apply, submit your CV via our official careers page at careers.karabologistics227.co.za. Shortlisted candidates will be contacted for an interview within two weeks. No fees of any kind are charged during recruitment.",0
"Nomvula Holdings 691 has a vacancy for a Receptionist in the Durban area. The role pays R9256/month depending on relevant experience. Responsibilities cover the standard scope of a receptionist role at this level. Minimum requirement: Matric certificate, relevant experience preferred. Interested candidates can send a CV through our listing on Indeed. Only shortlisted applicants will be contacted. This process is entirely free of charge to candidates.",0
"A Security Officer position is now open at Sizwe Solutions 534, Gqeberha. Remuneration is R6290 per month, in line with industry norms. Responsibilities cover the standard scope of a security officer role at this level. A completed Matric and prior experience in a similar role is preferred. Interested candidates can send a CV through our listing on Careers24. We do not charge any fee at any stage of hiring. Shortlisted candidates hear back within ten working days.",0
"Vuyo Retail 267 is recruiting a Warehouse Assistant based in Bloemfontein. The role pays R7295/month depending on relevant experience. The successful candidate will handle day-to-day warehouse assistant tasks for the team. Candidates should have a Grade 12 qualification and some relevant work history. To apply, submit your CV via our official careers page at careers.vuyoretail267.co.za. Shortlisted candidates will be contacted for an interview within two weeks. No fees of any kind are charged during recruitment.",0
"We're looking for a IT Support Technician to join Mpho Group 288 in Durban. Salary offered is R17015 per month, negotiable based on experience. Duties include general it support technician responsibilities as outlined in the attached job description. A completed Matric and prior experience in a similar role is preferred. Interested candidates can send a CV through our listing on Indeed. We do not charge any fee at any stage of hiring. Shortlisted candidates hear back within ten working days.",0
"Karabo Retail 385 has a vacancy for a Data Capturer in the Gqeberha area. Salary offered is R6309 per month, negotiable based on experience. Responsibilities cover the standard scope of a data capturer role at this level. A completed Matric and prior experience in a similar role is preferred. To apply, submit your CV via our official careers page at careers.karaboretail385.co.za. We do not charge any fee at any stage of hiring. Shortlisted candidates hear back within ten working days.",0
"A HR Assistant position is now open at Nomvula (Pty) Ltd 99, Cape Town. Salary offered is R10354 per month, negotiable based on experience. The successful candidate will handle day-to-day hr assistant tasks for the team. A completed Matric and prior experience in a similar role is preferred. To apply, submit your CV via our official careers page at careers.nomvula99.co.za. Shortlisted candidates will be contacted for an interview within two weeks. No fees of any kind are charged during recruitment.",0
"Sizwe Holdings 262 is recruiting a General Worker based in Nelspruit. The role pays R5630/month depending on relevant experience. Responsibilities cover the standard scope of a general worker role at this level. Minimum requirement: Matric certificate, relevant experience preferred. Please apply directly through our LinkedIn page with an updated CV. We do not charge any fee at any stage of hiring. Shortlisted candidates hear back within ten working days.",0
"A General Worker position is now open at Lerato Retail 122, Pretoria. Salary offered is R7310 per month, negotiable based on experience. Duties include general general worker responsibilities as outlined in the attached job description. Candidates should have a Grade 12 qualification and some relevant work history. Please apply directly through Careers24 with an updated CV. Shortlisted candidates will be contacted for an interview within two weeks. No fees of any kind are charged during recruitment.",0
"A General Worker position is now open at Karabo Logistics 281, Midrand. The role pays R6213/month depending on relevant experience. Duties include general general worker responsibilities as outlined in the attached job description. Candidates should have a Grade 12 qualification and some relevant work history. Please apply directly through Careers24 with an updated CV. We do not charge any fee at any stage of hiring. Shortlisted candidates hear back within ten working days.",0
"Thandeka Logistics 477 has a vacancy for a Data Capturer in the Pretoria area. Remuneration is R11764 per month, in line with industry norms. The successful candidate will handle day-to-day data capturer tasks for the team. A completed Matric and prior experience in a similar role is preferred. Interested candidates can send a CV through our listing on Indeed. Only shortlisted applicants will be contacted. This process is entirely free of charge to candidates.",0
"A Driver position is now open at Lerato Solutions 273, Gqeberha. Salary offered is R7694 per month, negotiable based on experience. Responsibilities cover the standard scope of a driver role at this level. A completed Matric and prior experience in a similar role is preferred. Please apply directly through our LinkedIn page with an updated CV. Only shortlisted applicants will be contacted. This process is entirely free of charge to candidates.",0
"Sizwe Retail 443 is recruiting a Driver based in Pretoria. The role pays R10502/month depending on relevant experience. Duties include general driver responsibilities as outlined in the attached job description. Minimum requirement: Matric certificate, relevant experience preferred. Please apply directly through our LinkedIn page with an updated CV. Only shortlisted applicants will be contacted. This process is entirely free of charge to candidates.",0
"A Receptionist position is now open at Mpho Logistics 198, Cape Town. Remuneration is R7181 per month, in line with industry norms. Duties include general receptionist responsibilities as outlined in the attached job description. Minimum requirement: Matric certificate, relevant experience preferred. To apply, submit your CV via our official careers page at careers.mphologistics198.co.za. We do not charge any fee at any stage of hiring. Shortlisted candidates hear back within ten working days.",0
"Nomvula (Pty) Ltd 345 has a vacancy for a Receptionist in the Durban area. The role pays R8617/month depending on relevant experience. Duties include general receptionist responsibilities as outlined in the attached job description. Candidates should have a Grade 12 qualification and some relevant work history. To apply, submit your CV via our official careers page at careers.nomvula345.co.za. We do not charge any fee at any stage of hiring. Shortlisted candidates hear back within ten working days.",0
Thandeka Holdings 97 has a vacancy for a Call Centre Agent in the Durban area. The role pays R9858/month depending on relevant experience. The successful candidate will handle day-to-day call centre agent tasks for the team. A completed Matric and prior experience in a similar role is preferred. Interested candidates can send a CV through our listing on Pnet. Only shortlisted applicants will be contacted. This process is entirely free of charge to candidates.,0
"A Receptionist position is now open at Lerato Logistics 169, Gqeberha. The role pays R8540/month depending on relevant experience. Duties include general receptionist responsibilities as outlined in the attached job description. A completed Matric and prior experience in a similar role is preferred. To apply, submit your CV via our official careers page at careers.leratologistics169.co.za. Only shortlisted applicants will be contacted. This process is entirely free of charge to candidates.",0
"A Accountant position is now open at Sizwe (Pty) Ltd 320, Johannesburg. Remuneration is R25361 per month, in line with industry norms. The successful candidate will handle day-to-day accountant tasks for the team. Candidates should have a Grade 12 qualification and some relevant work history. To apply, submit your CV via our official careers page at careers.sizwe320.co.za. We do not charge any fee at any stage of hiring. Shortlisted candidates hear back within ten working days.",0
Karabo Holdings 554 is recruiting a Accountant based in Nelspruit. The role pays R24639/month depending on relevant experience. Responsibilities cover the standard scope of a accountant role at this level. A completed Matric and prior experience in a similar role is preferred. Please apply directly through Pnet with an updated CV. Shortlisted candidates will be contacted for an interview within two weeks. No fees of any kind are charged during recruitment.,0
"We're looking for a Driver to join Vuyo Holdings 461 in Kimberley. Salary offered is R10968 per month, negotiable based on experience. Responsibilities cover the standard scope of a driver role at this level. A completed Matric and prior experience in a similar role is preferred. To apply, submit your CV via our official careers page at careers.vuyoholdings461.co.za. We do not charge any fee at any stage of hiring. Shortlisted candidates hear back within ten working days.",0
"Thandeka (Pty) Ltd 328 is recruiting a Driver based in Durban. Salary offered is R6834 per month, negotiable based on experience. Duties include general driver responsibilities as outlined in the attached job description. Minimum requirement: Matric certificate, relevant experience preferred. Interested candidates can send a CV through our listing on Indeed. We do not charge any fee at any stage of hiring. Shortlisted candidates hear back within ten working days.",0
Thandeka Holdings 139 is recruiting a HR Assistant based in Bloemfontein. The role pays R11421/month depending on relevant experience. Duties include general hr assistant responsibilities as outlined in the attached job description. A completed Matric and prior experience in a similar role is preferred. Interested candidates can send a CV through our listing on Indeed. Shortlisted candidates will be contacted for an interview within two weeks. No fees of any kind are charged during recruitment.,0
"A Data Capturer position is now open at Thandeka Solutions 225, Kimberley. Salary offered is R6565 per month, negotiable based on experience. Duties include general data capturer responsibilities as outlined in the attached job description. A completed Matric and prior experience in a similar role is preferred. Please apply directly through our LinkedIn page with an updated CV. Only shortlisted applicants will be contacted. This process is entirely free of charge to candidates.",0
"Sizwe Solutions 68 has a vacancy for a Warehouse Assistant in the Bloemfontein area. Remuneration is R6953 per month, in line with industry norms. Duties include general warehouse assistant responsibilities as outlined in the attached job description. A completed Matric and prior experience in a similar role is preferred. To apply, submit your CV via our official careers page at careers.sizwesolutions68.co.za. Shortlisted candidates will be contacted for an interview within two weeks. No fees of any kind are charged during recruitment.",0
"Vuyo Retail 326 is recruiting a Administrator based in Bloemfontein. Salary offered is R8291 per month, negotiable based on experience. Responsibilities cover the standard scope of a administrator role at this level. Minimum requirement: Matric certificate, relevant experience preferred. To apply, submit your CV via our official careers page at careers.vuyoretail326.co.za. Only shortlisted applicants will be contacted. This process is entirely free of charge to candidates.",0
Thandeka Solutions 100 is recruiting a Sales Representative based in Johannesburg. The role pays R9453/month depending on relevant experience. Responsibilities cover the standard scope of a sales representative role at this level. Candidates should have a Grade 12 qualification and some relevant work history. Interested candidates can send a CV through our listing on Careers24. Shortlisted candidates will be contacted for an interview within two weeks. No fees of any kind are charged during recruitment.,0
"A Accountant position is now open at Vuyo Retail 286, Johannesburg. Remuneration is R26399 per month, in line with industry norms. Duties include general accountant responsibilities as outlined in the attached job description. Candidates should have a Grade 12 qualification and some relevant work history. To apply, submit your CV via our official careers page at careers.vuyoretail286.co.za. Only shortlisted applicants will be contacted. This process is entirely free of charge to candidates.",0
"Lerato Logistics 292 has a vacancy for a Software Developer in the Pretoria area. Remuneration is R43194 per month, in line with industry norms. Responsibilities cover the standard scope of a software developer role at this level. Candidates should have a Grade 12 qualification and some relevant work history. Interested candidates can send a CV through our listing on Indeed. We do not charge any fee at any stage of hiring. Shortlisted candidates hear back within ten working days.",0
"A HR Assistant position is now open at Vuyo Holdings 723, Gqeberha. Salary offered is R14157 per month, negotiable based on experience. Responsibilities cover the standard scope of a hr assistant role at this level. A completed Matric and prior experience in a similar role is preferred. Interested candidates can send a CV through our listing on our LinkedIn page. We do not charge any fee at any stage of hiring. Shortlisted candidates hear back within ten working days.",0
Karabo Group 563 is recruiting a IT Support Technician based in Midrand. The role pays R13783/month depending on relevant experience. Duties include general it support technician responsibilities as outlined in the attached job description. A completed Matric and prior experience in a similar role is preferred. Interested candidates can send a CV through our listing on Careers24. We do not charge any fee at any stage of hiring. Shortlisted candidates hear back within ten working days.,0
"A Warehouse Assistant position is now open at Sizwe Logistics 449, Gqeberha. Remuneration is R5650 per month, in line with industry norms. Duties include general warehouse assistant responsibilities as outlined in the attached job description. Candidates should have a Grade 12 qualification and some relevant work history. Interested candidates can send a CV through our listing on Careers24. We do not charge any fee at any stage of hiring. Shortlisted candidates hear back within ten working days.",0
"A Driver position is now open at Vuyo Logistics 373, Gqeberha. Remuneration is R8475 per month, in line with industry norms. Duties include general driver responsibilities as outlined in the attached job description. Minimum requirement: Matric certificate, relevant experience preferred. Please apply directly through Indeed with an updated CV. We do not charge any fee at any stage of hiring. Shortlisted candidates hear back within ten working days.",0
"We're looking for a Driver to join Sizwe Solutions 6 in Durban. Remuneration is R8988 per month, in line with industry norms. Responsibilities cover the standard scope of a driver role at this level. A completed Matric and prior experience in a similar role is preferred. Please apply directly through Pnet with an updated CV. We do not charge any fee at any stage of hiring. Shortlisted candidates hear back within ten working days.",0
Thandeka (Pty) Ltd 676 has a vacancy for a HR Assistant in the Bloemfontein area. The role pays R11464/month depending on relevant experience. Responsibilities cover the standard scope of a hr assistant role at this level. Candidates should have a Grade 12 qualification and some relevant work history. Please apply directly through Pnet with an updated CV. Only shortlisted applicants will be contacted. This process is entirely free of charge to candidates.,0
"We're looking for a Driver to join Karabo Holdings 137 in Durban. Remuneration is R9527 per month, in line with industry norms. The successful candidate will handle day-to-day driver tasks for the team. A completed Matric and prior experience in a similar role is preferred. Interested candidates can send a CV through our listing on Pnet. Only shortlisted applicants will be contacted. This process is entirely free of charge to candidates.",0
"Mpho Retail 141 is recruiting a Receptionist based in Pretoria. Remuneration is R7377 per month, in line with industry norms. The successful candidate will handle day-to-day receptionist tasks for the team. Minimum requirement: Matric certificate, relevant experience preferred. Interested candidates can send a CV through our listing on Indeed. We do not charge any fee at any stage of hiring. Shortlisted candidates hear back within ten working days.",0
Thandeka Logistics 583 is recruiting a Warehouse Assistant based in Johannesburg. The role pays R8006/month depending on relevant experience. The successful candidate will handle day-to-day warehouse assistant tasks for the team. A completed Matric and prior experience in a similar role is preferred. Please apply directly through Indeed with an updated CV. Only shortlisted applicants will be contacted. This process is entirely free of charge to candidates.,0
"Sales Representative needed, Johannesburg area, R27574/month. Kindly note a refundable registration deposit is required before your starter pack is issued. Limited spaces, apply now.",1
"We're looking for a IT Support Technician to join Vuyo Retail 632 in Kimberley. Remuneration is R16408 per month, in line with industry norms. The successful candidate will handle day-to-day it support technician tasks for the team. A completed Matric and prior experience in a similar role is preferred. To apply, submit your CV via our official careers page at careers.vuyoretail632.co.za. We do not charge any fee at any stage of hiring. Shortlisted candidates hear back within ten working days.",0
Vuyo Group 705 is recruiting a Driver based in Pretoria. The role pays R6625/month depending on relevant experience. Responsibilities cover the standard scope of a driver role at this level. Candidates should have a Grade 12 qualification and some relevant work history. Please apply directly through Indeed with an updated CV. Shortlisted candidates will be contacted for an interview within two weeks. No fees of any kind are charged during recruitment.,0
"Lerato Solutions 470 has a vacancy for a Receptionist in the Gqeberha area. Remuneration is R10580 per month, in line with industry norms. Responsibilities cover the standard scope of a receptionist role at this level. A completed Matric and prior experience in a similar role is preferred. Interested candidates can send a CV through our listing on Careers24. We do not charge any fee at any stage of hiring. Shortlisted candidates hear back within ten working days.",0
"Karabo Retail 585 has a vacancy for a Software Developer in the Midrand area. Salary offered is R23895 per month, negotiable based on experience. Duties include general software developer responsibilities as outlined in the attached job description. Minimum requirement: Matric certificate, relevant experience preferred. To apply, submit your CV via our official careers page at careers.karaboretail585.co.za. We do not charge any fee at any stage of hiring. Shortlisted candidates hear back within ten working days.",0
"A Sales Representative position is now open at Sizwe Retail 71, Polokwane. The role pays R11508/month depending on relevant experience. Responsibilities cover the standard scope of a sales representative role at this level. Candidates should have a Grade 12 qualification and some relevant work history. To apply, submit your CV via our official careers page at careers.sizweretail71.co.za. We do not charge any fee at any stage of hiring. Shortlisted candidates hear back within ten working days.",0
"A Driver position is now open at Thandeka Retail 168, Durban. Salary offered is R7493 per month, negotiable based on experience. Responsibilities cover the standard scope of a driver role at this level. Minimum requirement: Matric certificate, relevant experience preferred. To apply, submit your CV via our official careers page at careers.thandekaretail168.co.za. Shortlisted candidates will be contacted for an interview within two weeks. No fees of any kind are charged during recruitment.",0
"A Data Capturer position is now open at Lerato Group 203, Polokwane. Remuneration is R9612 per month, in line with industry norms. Duties include general data capturer responsibilities as outlined in the attached job description. Candidates should have a Grade 12 qualification and some relevant work history. Please apply directly through our LinkedIn page with an updated CV. We do not charge any fee at any stage of hiring. Shortlisted candidates hear back within ten working days.",0
"Mpho Retail 555 is recruiting a Warehouse Assistant based in Kimberley. Salary offered is R7550 per month, negotiable based on experience. Duties include general warehouse assistant responsibilities as outlined in the attached job description. A completed Matric and prior experience in a similar role is preferred. Interested candidates can send a CV through our listing on Indeed. Only shortlisted applicants will be contacted. This process is entirely free of charge to candidates.",0
"Lerato Retail 588 is recruiting a HR Assistant based in Polokwane. Salary offered is R10730 per month, negotiable based on experience. Duties include general hr assistant responsibilities as outlined in the attached job description. Candidates should have a Grade 12 qualification and some relevant work history. Interested candidates can send a CV through our listing on our LinkedIn page. Only shortlisted applicants will be contacted. This process is entirely free of charge to candidates.",0
"We're looking for a Security Officer to join Karabo Solutions 379 in Pretoria. Remuneration is R6374 per month, in line with industry norms. Responsibilities cover the standard scope of a security officer role at this level. Candidates should have a Grade 12 qualification and some relevant work history. Interested candidates can send a CV through our listing on Indeed. Only shortlisted applicants will be contacted. This process is entirely free of charge to candidates.",0
"We're looking for a IT Support Technician to join Sizwe (Pty) Ltd 73 in Midrand. The role pays R18595/month depending on relevant experience. Duties include general it support technician responsibilities as outlined in the attached job description. Candidates should have a Grade 12 qualification and some relevant work history. To apply, submit your CV via our official careers page at careers.sizwe73.co.za. Shortlisted candidates will be contacted for an interview within two weeks. No fees of any kind are charged during recruitment.",0
"We're looking for a IT Support Technician to join Nomvula (Pty) Ltd 713 in Kimberley. The role pays R13033/month depending on relevant experience. Responsibilities cover the standard scope of a it support technician role at this level. Candidates should have a Grade 12 qualification and some relevant work history. To apply, submit your CV via our official careers page at careers.nomvula713.co.za. Only shortlisted applicants will be contacted. This process is entirely free of charge to candidates.",0
"Nomvula Group 90 has a vacancy for a HR Assistant in the Cape Town area. Remuneration is R12987 per month, in line with industry norms. Duties include general hr assistant responsibilities as outlined in the attached job description. A completed Matric and prior experience in a similar role is preferred. Interested candidates can send a CV through our listing on Pnet. Shortlisted candidates will be contacted for an interview within two weeks. No fees of any kind are charged during recruitment.",0
"A Administrator position is now open at Sizwe Solutions 387, Johannesburg. Remuneration is R13748 per month, in line with industry norms. The successful candidate will handle day-to-day administrator tasks for the team. A completed Matric and prior experience in a similar role is preferred. Please apply directly through Indeed with an updated CV. Only shortlisted applicants will be contacted. This process is entirely free of charge to candidates.",0
"A General Worker position is now open at Nomvula Group 615, Cape Town. Salary offered is R6732 per month, negotiable based on experience. Duties include general general worker responsibilities as outlined in the attached job description. A completed Matric and prior experience in a similar role is preferred. Interested candidates can send a CV through our listing on Indeed. Only shortlisted applicants will be contacted. This process is entirely free of charge to candidates.",0
"We're looking for a General Worker to join Lerato Retail 663 in Durban. Remuneration is R6029 per month, in line with industry norms. Responsibilities cover the standard scope of a general worker role at this level. Candidates should have a Grade 12 qualification and some relevant work history. To apply, submit your CV via our official careers page at careers.leratoretail663.co.za. Shortlisted candidates will be contacted for an interview within two weeks. No fees of any kind are charged during recruitment.",0
"We're looking for a HR Assistant to join Karabo Logistics 458 in Kimberley. Remuneration is R11922 per month, in line with industry norms. Responsibilities cover the standard scope of a hr assistant role at this level. Minimum requirement: Matric certificate, relevant experience preferred. To apply, submit your CV via our official careers page at careers.karabologistics458.co.za. Shortlisted candidates will be contacted for an interview within two weeks. No fees of any kind are charged during recruitment.",0
"A Software Developer position is now open at Nomvula Retail 243, Kimberley. The role pays R44921/month depending on relevant experience. Duties include general software developer responsibilities as outlined in the attached job description. A completed Matric and prior experience in a similar role is preferred. Interested candidates can send a CV through our listing on Careers24. Shortlisted candidates will be contacted for an interview within two weeks. No fees of any kind are charged during recruitment.",0
"A HR Assistant position is now open at Lerato Solutions 511, Midrand. Salary offered is R11730 per month, negotiable based on experience. Responsibilities cover the standard scope of a hr assistant role at this level. Minimum requirement: Matric certificate, relevant experience preferred. To apply, submit your CV via our official careers page at careers.leratosolutions511.co.za. We do not charge any fee at any stage of hiring. Shortlisted candidates hear back within ten working days.",0
"Sizwe Holdings 272 is recruiting a Data Capturer based in Pretoria. Salary offered is R9954 per month, negotiable based on experience. The successful candidate will handle day-to-day data capturer tasks for the team. Minimum requirement: Matric certificate, relevant experience preferred. Interested candidates can send a CV through our listing on Indeed. Only shortlisted applicants will be contacted. This process is entirely free of charge to candidates.",0
We're looking for a Cashier to join Thandeka Group 113 in Pretoria. The role pays R7017/month depending on relevant experience. Responsibilities cover the standard scope of a cashier role at this level. Candidates should have a Grade 12 qualification and some relevant work history. Please apply directly through our LinkedIn page with an updated CV. We do not charge any fee at any stage of hiring. Shortlisted candidates hear back within ten working days.,0
"A Software Developer position is now open at Karabo Logistics 384, Pretoria. Remuneration is R43020 per month, in line with industry norms. Responsibilities cover the standard scope of a software developer role at this level. Candidates should have a Grade 12 qualification and some relevant work history. Interested candidates can send a CV through our listing on our LinkedIn page. Only shortlisted applicants will be contacted. This process is entirely free of charge to candidates.",0
Karabo Retail 333 is recruiting a Warehouse Assistant based in Gqeberha. The role pays R8132/month depending on relevant experience. The successful candidate will handle day-to-day warehouse assistant tasks for the team. Candidates should have a Grade 12 qualification and some relevant work history. Interested candidates can send a CV through our listing on our LinkedIn page. Only shortlisted applicants will be contacted. This process is entirely free of charge to candidates.,0
"A Sales Representative position is now open at Mpho Group 69, Kimberley. Remuneration is R10329 per month, in line with industry norms. The successful candidate will handle day-to-day sales representative tasks for the team. Candidates should have a Grade 12 qualification and some relevant work history. Interested candidates can send a CV through our listing on Pnet. Shortlisted candidates will be contacted for an interview within two weeks. No fees of any kind are charged during recruitment.",0
Mpho Group 523 has a vacancy for a Sales Representative in the Cape Town area. The role pays R11014/month depending on relevant experience. The successful candidate will handle day-to-day sales representative tasks for the team. Candidates should have a Grade 12 qualification and some relevant work history. Interested candidates can send a CV through our listing on Careers24. Shortlisted candidates will be contacted for an interview within two weeks. No fees of any kind are charged during recruitment.,0
"A Security Officer position is now open at Sizwe (Pty) Ltd 378, Durban. Salary offered is R7286 per month, negotiable based on experience. The successful candidate will handle day-to-day security officer tasks for the team. Candidates should have a Grade 12 qualification and some relevant work history. Please apply directly through Careers24 with an updated CV. We do not charge any fee at any stage of hiring. Shortlisted candidates hear back within ten working days.",0
"We're looking for a HR Assistant to join Karabo Holdings 451 in Gqeberha. Salary offered is R9358 per month, negotiable based on experience. The successful candidate will handle day-to-day hr assistant tasks for the team. A completed Matric and prior experience in a similar role is preferred. Please apply directly through Careers24 with an updated CV. We do not charge any fee at any stage of hiring. Shortlisted candidates hear back within ten working days.",0
"We're looking for a Driver to join Vuyo Group 319 in Gqeberha. Salary offered is R7600 per month, negotiable based on experience. Responsibilities cover the standard scope of a driver role at this level. Minimum requirement: Matric certificate, relevant experience preferred. To apply, submit your CV via our official careers page at careers.vuyogroup319.co.za. We do not charge any fee at any stage of hiring. Shortlisted candidates hear back within ten working days.",0
"Mpho (Pty) Ltd 517 has a vacancy for a Sales Representative in the Gqeberha area. The role pays R7345/month depending on relevant experience. The successful candidate will handle day-to-day sales representative tasks for the team. Candidates should have a Grade 12 qualification and some relevant work history. To apply, submit your CV via our official careers page at careers.mpho517.co.za. Shortlisted candidates will be contacted for an interview within two weeks. No fees of any kind are charged during recruitment.",0
"A Data Capturer position is now open at Karabo Logistics 202, Kimberley. Salary offered is R10780 per month, negotiable based on experience. The successful candidate will handle day-to-day data capturer tasks for the team. Minimum requirement: Matric certificate, relevant experience preferred. To apply, submit your CV via our official careers page at careers.karabologistics202.co.za. Shortlisted candidates will be contacted for an interview within two weeks. No fees of any kind are charged during recruitment.",0
"Vuyo Logistics 543 is recruiting a Sales Representative based in Kimberley. Salary offered is R10218 per month, negotiable based on experience. Responsibilities cover the standard scope of a sales representative role at this level. Candidates should have a Grade 12 qualification and some relevant work history. Interested candidates can send a CV through our listing on Careers24. Shortlisted candidates will be contacted for an interview within two weeks. No fees of any kind are charged during recruitment.",0
"Thandeka Holdings 714 is recruiting a Administrator based in Polokwane. Remuneration is R13237 per month, in line with industry norms. Duties include general administrator responsibilities as outlined in the attached job description. Candidates should have a Grade 12 qualification and some relevant work history. Interested candidates can send a CV through our listing on Indeed. We do not charge any fee at any stage of hiring. Shortlisted candidates hear back within ten working days.",0
"We're looking for a Accountant to join Lerato (Pty) Ltd 38 in Durban. Remuneration is R16662 per month, in line with industry norms. Responsibilities cover the standard scope of a accountant role at this level. Candidates should have a Grade 12 qualification and some relevant work history. Please apply directly through Careers24 with an updated CV. Only shortlisted applicants will be contacted. This process is entirely free of charge to candidates.",0
"A Driver position is now open at Nomvula Holdings 400, Nelspruit. Remuneration is R8226 per month, in line with industry norms. Duties include general driver responsibilities as outlined in the attached job description. Minimum requirement: Matric certificate, relevant experience preferred. To apply, submit your CV via our official careers page at careers.nomvulaholdings400.co.za. Shortlisted candidates will be contacted for an interview within two weeks. No fees of any kind are charged during recruitment.",0
Vuyo Retail 494 is recruiting a Accountant based in Kimberley. The role pays R18166/month depending on relevant experience. The successful candidate will handle day-to-day accountant tasks for the team. Candidates should have a Grade 12 qualification and some relevant work history. Interested candidates can send a CV through our listing on Indeed. Only shortlisted applicants will be contacted. This process is entirely free of charge to candidates.,0
"We're looking for a Sales Representative to join Nomvula Logistics 558 in Gqeberha. The role pays R10131/month depending on relevant experience. Duties include general sales representative responsibilities as outlined in the attached job description. A completed Matric and prior experience in a similar role is preferred. To apply, submit your CV via our official careers page at careers.nomvulalogistics558.co.za. Only shortlisted applicants will be contacted. This process is entirely free of charge to candidates.",0
"We're looking for a Receptionist to join Thandeka Logistics 196 in Nelspruit. The role pays R6370/month depending on relevant experience. The successful candidate will handle day-to-day receptionist tasks for the team. Candidates should have a Grade 12 qualification and some relevant work history. To apply, submit your CV via our official careers page at careers.thandekalogistics196.co.za. We do not charge any fee at any stage of hiring. Shortlisted candidates hear back within ten working days.",0
"URGENT! Receptionist needed in Nelspruit, R30737/month, no experience necessary! Only 5 slots left, apply within 24 hours. WhatsApp us now on 0645368887 to secure your spot. In compliance with POPIA we require a copy of your ID and proof of banking details to begin your pre-employment screening immediately.",1
Sizwe (Pty) Ltd 587 has a vacancy for a HR Assistant in the Bloemfontein area. The role pays R9648/month depending on relevant experience. The successful candidate will handle day-to-day hr assistant tasks for the team. A completed Matric and prior experience in a similar role is preferred. Interested candidates can send a CV through our listing on Pnet. Shortlisted candidates will be contacted for an interview within two weeks. No fees of any kind are charged during recruitment.,0
"Thandeka Retail 250 is recruiting a General Worker based in Kimberley. Remuneration is R6763 per month, in line with industry norms. Duties include general general worker responsibilities as outlined in the attached job description. Minimum requirement: Matric certificate, relevant experience preferred. Interested candidates can send a CV through our listing on our LinkedIn page. We do not charge any fee at any stage of hiring. Shortlisted candidates hear back within ten working days.",0
"We're looking for a Receptionist to join Sizwe Holdings 685 in Durban. Remuneration is R8816 per month, in line with industry norms. Responsibilities cover the standard scope of a receptionist role at this level. Minimum requirement: Matric certificate, relevant experience preferred. To apply, submit your CV via our official careers page at careers.sizweholdings685.co.za. Only shortlisted applicants will be contacted. This process is entirely free of charge to candidates.",0
"Sizwe Solutions 86 is recruiting a Driver based in Nelspruit. Salary offered is R8850 per month, negotiable based on experience. Responsibilities cover the standard scope of a driver role at this level. Candidates should have a Grade 12 qualification and some relevant work history. Please apply directly through our LinkedIn page with an updated CV. Only shortlisted applicants will be contacted. This process is entirely free of charge to candidates.",0
"General Worker vacancy in Gqeberha, R21143 a month. WhatsApp 0836482263 if interested, only a few spots remain so don't delay your application.",1
"We're looking for a HR Assistant to join Nomvula (Pty) Ltd 79 in Bloemfontein. Salary offered is R9728 per month, negotiable based on experience. Duties include general hr assistant responsibilities as outlined in the attached job description. A completed Matric and prior experience in a similar role is preferred. To apply, submit your CV via our official careers page at careers.nomvula79.co.za. Shortlisted candidates will be contacted for an interview within two weeks. No fees of any kind are charged during recruitment.",0
"Sizwe Retail 303 is recruiting a Receptionist based in Cape Town. Salary offered is R7145 per month, negotiable based on experience. The successful candidate will handle day-to-day receptionist tasks for the team. A completed Matric and prior experience in a similar role is preferred. Please apply directly through Indeed with an updated CV. We do not charge any fee at any stage of hiring. Shortlisted candidates hear back within ten working days.",0
"Lerato Solutions 236 is recruiting a Warehouse Assistant based in Pretoria. Remuneration is R6852 per month, in line with industry norms. The successful candidate will handle day-to-day warehouse assistant tasks for the team. Minimum requirement: Matric certificate, relevant experience preferred. To apply, submit your CV via our official careers page at careers.leratosolutions236.co.za. Only shortlisted applicants will be contacted. This process is entirely free of charge to candidates.",0
"We're looking for a IT Support Technician to join Sizwe (Pty) Ltd 280 in Durban. The role pays R11388/month depending on relevant experience. Duties include general it support technician responsibilities as outlined in the attached job description. Minimum requirement: Matric certificate, relevant experience preferred. Interested candidates can send a CV through our listing on Careers24. We do not charge any fee at any stage of hiring. Shortlisted candidates hear back within ten working days.",0
"We're looking for a Accountant to join Karabo Logistics 17 in Nelspruit. Remuneration is R23938 per month, in line with industry norms. Responsibilities cover the standard scope of a accountant role at this level. Candidates should have a Grade 12 qualification and some relevant work history. Please apply directly through Indeed with an updated CV. Only shortlisted applicants will be contacted. This process is entirely free of charge to candidates.",0
"Karabo Logistics 428 is recruiting a Receptionist based in Cape Town. Remuneration is R10304 per month, in line with industry norms. Duties include general receptionist responsibilities as outlined in the attached job description. Candidates should have a Grade 12 qualification and some relevant work history. Please apply directly through our LinkedIn page with an updated CV. Shortlisted candidates will be contacted for an interview within two weeks. No fees of any kind are charged during recruitment.",0
"A General Worker position is now open at Karabo Holdings 140, Pretoria. Remuneration is R7959 per month, in line with industry norms. Duties include general general worker responsibilities as outlined in the attached job description. Candidates should have a Grade 12 qualification and some relevant work history. Interested candidates can send a CV through our listing on Indeed. Shortlisted candidates will be contacted for an interview within two weeks. No fees of any kind are charged during recruitment.",0
"We're looking for a Driver to join Thandeka Group 324 in Cape Town. Remuneration is R8227 per month, in line with industry norms. Duties include general driver responsibilities as outlined in the attached job description. Minimum requirement: Matric certificate, relevant experience preferred. To apply, submit your CV via our official careers page at careers.thandekagroup324.co.za. Only shortlisted applicants will be contacted. This process is entirely free of charge to candidates.",0
"We're looking for a HR Assistant to join Nomvula Solutions 0 in Johannesburg. Salary offered is R8912 per month, negotiable based on experience. Duties include general hr assistant responsibilities as outlined in the attached job description. A completed Matric and prior experience in a similar role is preferred. To apply, submit your CV via our official careers page at careers.nomvulasolutions0.co.za. We do not charge any fee at any stage of hiring. Shortlisted candidates hear back within ten working days.",0
"A Call Centre Agent position is now open at Karabo Solutions 513, Kimberley. The role pays R6620/month depending on relevant experience. Responsibilities cover the standard scope of a call centre agent role at this level. Candidates should have a Grade 12 qualification and some relevant work history. Interested candidates can send a CV through our listing on Pnet. Only shortlisted applicants will be contacted. This process is entirely free of charge to candidates.",0
"Vuyo (Pty) Ltd 596 has a vacancy for a Cashier in the Midrand area. The role pays R5180/month depending on relevant experience. Duties include general cashier responsibilities as outlined in the attached job description. Minimum requirement: Matric certificate, relevant experience preferred. Please apply directly through Indeed with an updated CV. Shortlisted candidates will be contacted for an interview within two weeks. No fees of any kind are charged during recruitment.",0
"URGENT! Security Officer needed in Midrand, R20664/month, no experience necessary! Only 5 slots left, apply within 24 hours. WhatsApp us now on 0811763562 to secure your spot. In compliance with POPIA we require a copy of your ID and proof of banking details to begin your pre-employment screening immediately.",1
"Sizwe Solutions 625 has a vacancy for a Cashier in the Midrand area. Salary offered is R5542 per month, negotiable based on experience. The successful candidate will handle day-to-day cashier tasks for the team. Minimum requirement: Matric certificate, relevant experience preferred. Please apply directly through Careers24 with an updated CV. We do not charge any fee at any stage of hiring. Shortlisted candidates hear back within ten working days.",0
"Mpho Logistics 165 is recruiting a Receptionist based in Gqeberha. The role pays R6554/month depending on relevant experience. Responsibilities cover the standard scope of a receptionist role at this level. Minimum requirement: Matric certificate, relevant experience preferred. Please apply directly through our LinkedIn page with an updated CV. Only shortlisted applicants will be contacted. This process is entirely free of charge to candidates.",0
"Nomvula Retail 12 is recruiting a Cashier based in Johannesburg. Remuneration is R7266 per month, in line with industry norms. The successful candidate will handle day-to-day cashier tasks for the team. Candidates should have a Grade 12 qualification and some relevant work history. Please apply directly through Indeed with an updated CV. Shortlisted candidates will be contacted for an interview within two weeks. No fees of any kind are charged during recruitment.",0
"Nomvula Solutions 623 has a vacancy for a Sales Representative in the Midrand area. Salary offered is R14560 per month, negotiable based on experience. The successful candidate will handle day-to-day sales representative tasks for the team. Candidates should have a Grade 12 qualification and some relevant work history. Please apply directly through Careers24 with an updated CV. We do not charge any fee at any stage of hiring. Shortlisted candidates hear back within ten working days.",0
"We are a proud Level 1 B-BBEE contributor urgently hiring a Driver in Durban paying R31981 per month. No interview required, immediate start. Send your ID number, ID document and bank account details to our WhatsApp line 0607721990 today to reserve your position -- limited spaces available!",1
"Thandeka Group 284 has a vacancy for a Call Centre Agent in the Midrand area. Salary offered is R7177 per month, negotiable based on experience. Responsibilities cover the standard scope of a call centre agent role at this level. Minimum requirement: Matric certificate, relevant experience preferred. Please apply directly through Indeed with an updated CV. Shortlisted candidates will be contacted for an interview within two weeks. No fees of any kind are charged during recruitment.",0
"Vuyo Logistics 197 is recruiting a Driver based in Bloemfontein. Salary offered is R10504 per month, negotiable based on experience. Duties include general driver responsibilities as outlined in the attached job description. Candidates should have a Grade 12 qualification and some relevant work history. Interested candidates can send a CV through our listing on Indeed. We do not charge any fee at any stage of hiring. Shortlisted candidates hear back within ten working days.",0
We're looking for a HR Assistant to join Nomvula Group 7 in Gqeberha. The role pays R9401/month depending on relevant experience. Responsibilities cover the standard scope of a hr assistant role at this level. Candidates should have a Grade 12 qualification and some relevant work history. Please apply directly through Careers24 with an updated CV. We do not charge any fee at any stage of hiring. Shortlisted candidates hear back within ten working days.,0
"We're looking for a Administrator to join Lerato Group 194 in Gqeberha. Remuneration is R10221 per month, in line with industry norms. Responsibilities cover the standard scope of a administrator role at this level. Minimum requirement: Matric certificate, relevant experience preferred. To apply, submit your CV via our official careers page at careers.leratogroup194.co.za. Only shortlisted applicants will be contacted. This process is entirely free of charge to candidates.",0
"Sizwe Group 626 has a vacancy for a Sales Representative in the Kimberley area. Remuneration is R8238 per month, in line with industry norms. Duties include general sales representative responsibilities as outlined in the attached job description. Candidates should have a Grade 12 qualification and some relevant work history. To apply, submit your CV via our official careers page at careers.sizwegroup626.co.za. Only shortlisted applicants will be contacted. This process is entirely free of charge to candidates.",0
"Nomvula (Pty) Ltd 592 has a vacancy for a Sales Representative in the Polokwane area. The role pays R14027/month depending on relevant experience. Duties include general sales representative responsibilities as outlined in the attached job description. Candidates should have a Grade 12 qualification and some relevant work history. To apply, submit your CV via our official careers page at careers.nomvula592.co.za. Only shortlisted applicants will be contacted. This process is entirely free of charge to candidates.",0
"Sizwe Group 680 is recruiting a General Worker based in Johannesburg. Salary offered is R6318 per month, negotiable based on experience. Duties include general general worker responsibilities as outlined in the attached job description. A completed Matric and prior experience in a similar role is preferred. Please apply directly through Indeed with an updated CV. Only shortlisted applicants will be contacted. This process is entirely free of charge to candidates.",0
"Vuyo Logistics 493 is recruiting a Cashier based in Gqeberha. The role pays R6027/month depending on relevant experience. Duties include general cashier responsibilities as outlined in the attached job description. A completed Matric and prior experience in a similar role is preferred. To apply, submit your CV via our official careers page at careers.vuyologistics493.co.za. Shortlisted candidates will be contacted for an interview within two weeks. No fees of any kind are charged during recruitment.",0
"Sizwe Retail 647 is recruiting a Data Capturer based in Johannesburg. The role pays R8779/month depending on relevant experience. Duties include general data capturer responsibilities as outlined in the attached job description. Minimum requirement: Matric certificate, relevant experience preferred. Please apply directly through our LinkedIn page with an updated CV. We do not charge any fee at any stage of hiring. Shortlisted candidates hear back within ten working days.",0
"We're looking for a Cleaner to join Vuyo Logistics 526 in Kimberley. Remuneration is R6998 per month, in line with industry norms. Responsibilities cover the standard scope of a cleaner role at this level. Candidates should have a Grade 12 qualification and some relevant work history. Interested candidates can send a CV through our listing on Indeed. Shortlisted candidates will be contacted for an interview within two weeks. No fees of any kind are charged during recruitment.",0
"A Call Centre Agent position is now open at Vuyo (Pty) Ltd 39, Nelspruit. Salary offered is R7385 per month, negotiable based on experience. Duties include general call centre agent responsibilities as outlined in the attached job description. Candidates should have a Grade 12 qualification and some relevant work history. Interested candidates can send a CV through our listing on Indeed. Shortlisted candidates will be contacted for an interview within two weeks. No fees of any kind are charged during recruitment.",0
"Karabo Logistics 244 is recruiting a Sales Representative based in Kimberley. Remuneration is R11477 per month, in line with industry norms. Duties include general sales representative responsibilities as outlined in the attached job description. Minimum requirement: Matric certificate, relevant experience preferred. Please apply directly through Pnet with an updated CV. Shortlisted candidates will be contacted for an interview within two weeks. No fees of any kind are charged during recruitment.",0
"Karabo Retail 739 has a vacancy for a Driver in the Cape Town area. The role pays R7210/month depending on relevant experience. Responsibilities cover the standard scope of a driver role at this level. Candidates should have a Grade 12 qualification and some relevant work history. To apply, submit your CV via our official careers page at careers.karaboretail739.co.za. Only shortlisted applicants will be contacted. This process is entirely free of charge to candidates.",0
"We're looking for a Sales Representative to join Karabo Group 484 in Bloemfontein. Salary offered is R8982 per month, negotiable based on experience. The successful candidate will handle day-to-day sales representative tasks for the team. Candidates should have a Grade 12 qualification and some relevant work history. To apply, submit your CV via our official careers page at careers.karabogroup484.co.za. Shortlisted candidates will be contacted for an interview within two weeks. No fees of any kind are charged during recruitment.",0
"A Software Developer position is now open at Karabo Holdings 571, Gqeberha. The role pays R37183/month depending on relevant experience. Responsibilities cover the standard scope of a software developer role at this level. Minimum requirement: Matric certificate, relevant experience preferred. To apply, submit your CV via our official careers page at careers.karaboholdings571.co.za. We do not charge any fee at any stage of hiring. Shortlisted candidates hear back within ten working days.",0
"We're looking for a Warehouse Assistant to join Lerato Holdings 256 in Gqeberha. Remuneration is R6957 per month, in line with industry norms. The successful candidate will handle day-to-day warehouse assistant tasks for the team. A completed Matric and prior experience in a similar role is preferred. Interested candidates can send a CV through our listing on Pnet. We do not charge any fee at any stage of hiring. Shortlisted candidates hear back within ten working days.",0
"A General Worker position is now open at Sizwe Solutions 178, Pretoria. Salary offered is R6800 per month, negotiable based on experience. The successful candidate will handle day-to-day general worker tasks for the team. Candidates should have a Grade 12 qualification and some relevant work history. Please apply directly through our LinkedIn page with an updated CV. Shortlisted candidates will be contacted for an interview within two weeks. No fees of any kind are charged during recruitment.",0
"Mpho Logistics 28 is recruiting a Administrator based in Cape Town. Remuneration is R11666 per month, in line with industry norms. Duties include general administrator responsibilities as outlined in the attached job description. Candidates should have a Grade 12 qualification and some relevant work history. Please apply directly through Indeed with an updated CV. Only shortlisted applicants will be contacted. This process is entirely free of charge to candidates.",0
"Lerato Holdings 104 is recruiting a Accountant based in Cape Town. Salary offered is R18949 per month, negotiable based on experience. Responsibilities cover the standard scope of a accountant role at this level. A completed Matric and prior experience in a similar role is preferred. Interested candidates can send a CV through our listing on Indeed. We do not charge any fee at any stage of hiring. Shortlisted candidates hear back within ten working days.",0
"We're looking for a Administrator to join Lerato (Pty) Ltd 298 in Cape Town. Remuneration is R7008 per month, in line with industry norms. Duties include general administrator responsibilities as outlined in the attached job description. A completed Matric and prior experience in a similar role is preferred. Please apply directly through our LinkedIn page with an updated CV. Shortlisted candidates will be contacted for an interview within two weeks. No fees of any kind are charged during recruitment.",0
"We're looking for a Security Officer to join Thandeka Logistics 440 in Polokwane. Salary offered is R8744 per month, negotiable based on experience. Duties include general security officer responsibilities as outlined in the attached job description. Minimum requirement: Matric certificate, relevant experience preferred. Please apply directly through our LinkedIn page with an updated CV. We do not charge any fee at any stage of hiring. Shortlisted candidates hear back within ten working days.",0
"Thandeka Solutions 742 has a vacancy for a Call Centre Agent in the Durban area. Remuneration is R8734 per month, in line with industry norms. The successful candidate will handle day-to-day call centre agent tasks for the team. Minimum requirement: Matric certificate, relevant experience preferred. Please apply directly through Pnet with an updated CV. We do not charge any fee at any stage of hiring. Shortlisted candidates hear back within ten working days.",0
Mpho (Pty) Ltd 672 has a vacancy for a Security Officer in the Polokwane area. The role pays R7829/month depending on relevant experience. Responsibilities cover the standard scope of a security officer role at this level. A completed Matric and prior experience in a similar role is preferred. Please apply directly through Careers24 with an updated CV. We do not charge any fee at any stage of hiring. Shortlisted candidates hear back within ten working days.,0
"Lerato Solutions 40 has a vacancy for a Warehouse Assistant in the Cape Town area. Salary offered is R5596 per month, negotiable based on experience. Responsibilities cover the standard scope of a warehouse assistant role at this level. Candidates should have a Grade 12 qualification and some relevant work history. Please apply directly through our LinkedIn page with an updated CV. We do not charge any fee at any stage of hiring. Shortlisted candidates hear back within ten working days.",0
"Nomvula Holdings 528 has a vacancy for a Data Capturer in the Nelspruit area. Salary offered is R10677 per month, negotiable based on experience. Responsibilities cover the standard scope of a data capturer role at this level. Minimum requirement: Matric certificate, relevant experience preferred. Please apply directly through Pnet with an updated CV. Shortlisted candidates will be contacted for an interview within two weeks. No fees of any kind are charged during recruitment.",0
"Thandeka Logistics 221 is recruiting a Driver based in Polokwane. Salary offered is R10326 per month, negotiable based on experience. The successful candidate will handle day-to-day driver tasks for the team. A completed Matric and prior experience in a similar role is preferred. To apply, submit your CV via our official careers page at careers.thandekalogistics221.co.za. Shortlisted candidates will be contacted for an interview within two weeks. No fees of any kind are charged during recruitment.",0
"Lerato (Pty) Ltd 233 has a vacancy for a HR Assistant in the Gqeberha area. Remuneration is R11499 per month, in line with industry norms. The successful candidate will handle day-to-day hr assistant tasks for the team. Candidates should have a Grade 12 qualification and some relevant work history. Please apply directly through Indeed with an updated CV. We do not charge any fee at any stage of hiring. Shortlisted candidates hear back within ten working days.",0
"Sizwe Holdings 421 is recruiting a Software Developer based in Johannesburg. Remuneration is R35733 per month, in line with industry norms. The successful candidate will handle day-to-day software developer tasks for the team. A completed Matric and prior experience in a similar role is preferred. Please apply directly through Careers24 with an updated CV. We do not charge any fee at any stage of hiring. Shortlisted candidates hear back within ten working days.",0
"Nomvula Retail 500 is recruiting a Warehouse Assistant based in Bloemfontein. Salary offered is R8211 per month, negotiable based on experience. Duties include general warehouse assistant responsibilities as outlined in the attached job description. Candidates should have a Grade 12 qualification and some relevant work history. To apply, submit your CV via our official careers page at careers.nomvularetail500.co.za. Shortlisted candidates will be contacted for an interview within two weeks. No fees of any kind are charged during recruitment.",0
Thandeka Retail 430 has a vacancy for a Accountant in the Johannesburg area. The role pays R26322/month depending on relevant experience. Duties include general accountant responsibilities as outlined in the attached job description. A completed Matric and prior experience in a similar role is preferred. Please apply directly through Careers24 with an updated CV. Shortlisted candidates will be contacted for an interview within two weeks. No fees of any kind are charged during recruitment.,0
"A Administrator position is now open at Thandeka Solutions 135, Nelspruit. Remuneration is R9827 per month, in line with industry norms. The successful candidate will handle day-to-day administrator tasks for the team. Candidates should have a Grade 12 qualification and some relevant work history. To apply, submit your CV via our official careers page at careers.thandekasolutions135.co.za. Only shortlisted applicants will be contacted. This process is entirely free of charge to candidates.",0
"Sizwe Solutions 131 is recruiting a Cashier based in Bloemfontein. Salary offered is R7878 per month, negotiable based on experience. Duties include general cashier responsibilities as outlined in the attached job description. A completed Matric and prior experience in a similar role is preferred. Please apply directly through our LinkedIn page with an updated CV. Shortlisted candidates will be contacted for an interview within two weeks. No fees of any kind are charged during recruitment.",0
"We're looking for a Administrator to join Sizwe Solutions 180 in Gqeberha. Remuneration is R11505 per month, in line with industry norms. The successful candidate will handle day-to-day administrator tasks for the team. A completed Matric and prior experience in a similar role is preferred. Please apply directly through Careers24 with an updated CV. Only shortlisted applicants will be contacted. This process is entirely free of charge to candidates.",0
"Thandeka Logistics 325 has a vacancy for a Driver in the Nelspruit area. Salary offered is R8572 per month, negotiable based on experience. Responsibilities cover the standard scope of a driver role at this level. Candidates should have a Grade 12 qualification and some relevant work history. Interested candidates can send a CV through our listing on Indeed. Shortlisted candidates will be contacted for an interview within two weeks. No fees of any kind are charged during recruitment.",0
"We're looking for a Software Developer to join Karabo Logistics 117 in Cape Town. Salary offered is R28928 per month, negotiable based on experience. The successful candidate will handle day-to-day software developer tasks for the team. Minimum requirement: Matric certificate, relevant experience preferred. Please apply directly through Careers24 with an updated CV. Shortlisted candidates will be contacted for an interview within two weeks. No fees of any kind are charged during recruitment.",0
"Mpho Retail 230 is recruiting a IT Support Technician based in Kimberley. Salary offered is R10550 per month, negotiable based on experience. The successful candidate will handle day-to-day it support technician tasks for the team. Minimum requirement: Matric certificate, relevant experience preferred. Interested candidates can send a CV through our listing on our LinkedIn page. Shortlisted candidates will be contacted for an interview within two weeks. No fees of any kind are charged during recruitment.",0
"Lerato (Pty) Ltd 725 is recruiting a Accountant based in Kimberley. Salary offered is R20165 per month, negotiable based on experience. The successful candidate will handle day-to-day accountant tasks for the team. A completed Matric and prior experience in a similar role is preferred. Interested candidates can send a CV through our listing on Careers24. Only shortlisted applicants will be contacted. This process is entirely free of charge to candidates.",0
Vuyo Retail 427 has a vacancy for a Data Capturer in the Midrand area. The role pays R11123/month depending on relevant experience. The successful candidate will handle day-to-day data capturer tasks for the team. A completed Matric and prior experience in a similar role is preferred. Interested candidates can send a CV through our listing on Pnet. We do not charge any fee at any stage of hiring. Shortlisted candidates hear back within ten working days.,0
"Vuyo (Pty) Ltd 129 has a vacancy for a HR Assistant in the Cape Town area. Remuneration is R11950 per month, in line with industry norms. Responsibilities cover the standard scope of a hr assistant role at this level. Minimum requirement: Matric certificate, relevant experience preferred. Interested candidates can send a CV through our listing on Careers24. Only shortlisted applicants will be contacted. This process is entirely free of charge to candidates.",0
"Data Capturer needed, Polokwane area, R29477/month. Kindly note a refundable registration deposit is required before your starter pack is issued. Limited spaces, apply now.",1
"A HR Assistant position is now open at Mpho (Pty) Ltd 644, Durban. Remuneration is R9663 per month, in line with industry norms. Duties include general hr assistant responsibilities as outlined in the attached job description. Candidates should have a Grade 12 qualification and some relevant work history. Please apply directly through our LinkedIn page with an updated CV. Shortlisted candidates will be contacted for an interview within two weeks. No fees of any kind are charged during recruitment.",0
"Mpho (Pty) Ltd 660 is recruiting a Software Developer based in Kimberley. Salary offered is R18952 per month, negotiable based on experience. The successful candidate will handle day-to-day software developer tasks for the team. Candidates should have a Grade 12 qualification and some relevant work history. Please apply directly through Indeed with an updated CV. Only shortlisted applicants will be contacted. This process is entirely free of charge to candidates.",0
"URGENT! Warehouse Assistant needed in Nelspruit, R25188/month, no experience necessary! Only 5 slots left, apply within 24 hours. WhatsApp us now on 0835298752 to secure your spot. In compliance with POPIA we require a copy of your ID and proof of banking details to begin your pre-employment screening immediately.",1
"Sizwe (Pty) Ltd 348 has a vacancy for a Driver in the Johannesburg area. The role pays R6603/month depending on relevant experience. Duties include general driver responsibilities as outlined in the attached job description. Minimum requirement: Matric certificate, relevant experience preferred. Interested candidates can send a CV through our listing on Careers24. Only shortlisted applicants will be contacted. This process is entirely free of charge to candidates.",0
"A HR Assistant position is now open at Nomvula Logistics 532, Gqeberha. Remuneration is R9465 per month, in line with industry norms. Duties include general hr assistant responsibilities as outlined in the attached job description. A completed Matric and prior experience in a similar role is preferred. Please apply directly through Indeed with an updated CV. We do not charge any fee at any stage of hiring. Shortlisted candidates hear back within ten working days.",0
"Karabo Logistics 486 has a vacancy for a Accountant in the Kimberley area. The role pays R18501/month depending on relevant experience. Duties include general accountant responsibilities as outlined in the attached job description. A completed Matric and prior experience in a similar role is preferred. To apply, submit your CV via our official careers page at careers.karabologistics486.co.za. We do not charge any fee at any stage of hiring. Shortlisted candidates hear back within ten working days.",0
"A Software Developer position is now open at Thandeka Logistics 519, Johannesburg. Remuneration is R25965 per month, in line with industry norms. The successful candidate will handle day-to-day software developer tasks for the team. Minimum requirement: Matric certificate, relevant experience preferred. Interested candidates can send a CV through our listing on Pnet. Shortlisted candidates will be contacted for an interview within two weeks. No fees of any kind are charged during recruitment.",0
"A Warehouse Assistant position is now open at Mpho Retail 162, Durban. Salary offered is R8920 per month, negotiable based on experience. Responsibilities cover the standard scope of a warehouse assistant role at this level. Minimum requirement: Matric certificate, relevant experience preferred. Interested candidates can send a CV through our listing on Pnet. Shortlisted candidates will be contacted for an interview within two weeks. No fees of any kind are charged during recruitment.",0
"Vuyo Group 127 is recruiting a Sales Representative based in Polokwane. Remuneration is R13052 per month, in line with industry norms. The successful candidate will handle day-to-day sales representative tasks for the team. A completed Matric and prior experience in a similar role is preferred. Interested candidates can send a CV through our listing on Pnet. Only shortlisted applicants will be contacted. This process is entirely free of charge to candidates.",0
"We're looking for a Warehouse Assistant to join Thandeka Group 238 in Bloemfontein. Remuneration is R6863 per month, in line with industry norms. Duties include general warehouse assistant responsibilities as outlined in the attached job description. A completed Matric and prior experience in a similar role is preferred. Interested candidates can send a CV through our listing on Careers24. We do not charge any fee at any stage of hiring. Shortlisted candidates hear back within ten working days.",0
"Karabo Group 580 has a vacancy for a Data Capturer in the Nelspruit area. Remuneration is R6892 per month, in line with industry norms. The successful candidate will handle day-to-day data capturer tasks for the team. A completed Matric and prior experience in a similar role is preferred. Please apply directly through Careers24 with an updated CV. Only shortlisted applicants will be contacted. This process is entirely free of charge to candidates.",0
"A Data Capturer position is now open at Vuyo (Pty) Ltd 299, Polokwane. Remuneration is R11698 per month, in line with industry norms. Duties include general data capturer responsibilities as outlined in the attached job description. Candidates should have a Grade 12 qualification and some relevant work history. To apply, submit your CV via our official careers page at careers.vuyo299.co.za. Only shortlisted applicants will be contacted. This process is entirely free of charge to candidates.",0
"Administrator vacancy in Johannesburg, R36117 a month. WhatsApp 0704939985 if interested, only a few spots remain so don't delay your application.",1
"Sizwe Holdings 610 is recruiting a Accountant based in Nelspruit. Salary offered is R23771 per month, negotiable based on experience. Duties include general accountant responsibilities as outlined in the attached job description. Minimum requirement: Matric certificate, relevant experience preferred. Please apply directly through Pnet with an updated CV. Shortlisted candidates will be contacted for an interview within two weeks. No fees of any kind are charged during recruitment.",0
"A Cleaner position is now open at Thandeka Group 411, Pretoria. Salary offered is R5731 per month, negotiable based on experience. The successful candidate will handle day-to-day cleaner tasks for the team. A completed Matric and prior experience in a similar role is preferred. Please apply directly through our LinkedIn page with an updated CV. Shortlisted candidates will be contacted for an interview within two weeks. No fees of any kind are charged during recruitment.",0
"Lerato Retail 472 is recruiting a IT Support Technician based in Durban. Salary offered is R10852 per month, negotiable based on experience. Duties include general it support technician responsibilities as outlined in the attached job description. Candidates should have a Grade 12 qualification and some relevant work history. Please apply directly through our LinkedIn page with an updated CV. Shortlisted candidates will be contacted for an interview within two weeks. No fees of any kind are charged during recruitment.",0
"IT Support Technician vacancy in Bloemfontein, R59149 a month. WhatsApp 0662415979 if interested, only a few spots remain so don't delay your application.",1
"We're looking for a Receptionist to join Karabo Logistics 667 in Midrand. Remuneration is R9557 per month, in line with industry norms. Duties include general receptionist responsibilities as outlined in the attached job description. Candidates should have a Grade 12 qualification and some relevant work history. To apply, submit your CV via our official careers page at careers.karabologistics667.co.za. Only shortlisted applicants will be contacted. This process is entirely free of charge to candidates.",0
"A Cashier position is now open at Nomvula Holdings 268, Durban. Salary offered is R7697 per month, negotiable based on experience. Responsibilities cover the standard scope of a cashier role at this level. A completed Matric and prior experience in a similar role is preferred. Interested candidates can send a CV through our listing on our LinkedIn page. We do not charge any fee at any stage of hiring. Shortlisted candidates hear back within ten working days.",0
"We're looking for a Data Capturer to join Mpho Logistics 689 in Cape Town. The role pays R10981/month depending on relevant experience. Duties include general data capturer responsibilities as outlined in the attached job description. Minimum requirement: Matric certificate, relevant experience preferred. To apply, submit your CV via our official careers page at careers.mphologistics689.co.za. We do not charge any fee at any stage of hiring. Shortlisted candidates hear back within ten working days.",0
"We're looking for a Driver to join Lerato Group 603 in Kimberley. Salary offered is R8542 per month, negotiable based on experience. The successful candidate will handle day-to-day driver tasks for the team. Candidates should have a Grade 12 qualification and some relevant work history. Interested candidates can send a CV through our listing on our LinkedIn page. Shortlisted candidates will be contacted for an interview within two weeks. No fees of any kind are charged during recruitment.",0
"Lerato Retail 415 has a vacancy for a Accountant in the Pretoria area. Remuneration is R16103 per month, in line with industry norms. Responsibilities cover the standard scope of a accountant role at this level. Candidates should have a Grade 12 qualification and some relevant work history. Please apply directly through Careers24 with an updated CV. Only shortlisted applicants will be contacted. This process is entirely free of charge to candidates.",0
"Sizwe Holdings 392 is recruiting a Sales Representative based in Johannesburg. Remuneration is R12617 per month, in line with industry norms. The successful candidate will handle day-to-day sales representative tasks for the team. Candidates should have a Grade 12 qualification and some relevant work history. Please apply directly through Careers24 with an updated CV. Only shortlisted applicants will be contacted. This process is entirely free of charge to candidates.",0
"Thandeka Retail 121 has a vacancy for a Cleaner in the Midrand area. The role pays R5107/month depending on relevant experience. The successful candidate will handle day-to-day cleaner tasks for the team. Minimum requirement: Matric certificate, relevant experience preferred. To apply, submit your CV via our official careers page at careers.thandekaretail121.co.za. Only shortlisted applicants will be contacted. This process is entirely free of charge to candidates.",0
"We're looking for a Sales Representative to join Sizwe Solutions 33 in Durban. Remuneration is R11532 per month, in line with industry norms. Responsibilities cover the standard scope of a sales representative role at this level. Minimum requirement: Matric certificate, relevant experience preferred. Please apply directly through Indeed with an updated CV. We do not charge any fee at any stage of hiring. Shortlisted candidates hear back within ten working days.",0
"A Call Centre Agent position is now open at Karabo Solutions 741, Johannesburg. The role pays R8072/month depending on relevant experience. The successful candidate will handle day-to-day call centre agent tasks for the team. Candidates should have a Grade 12 qualification and some relevant work history. Interested candidates can send a CV through our listing on Pnet. Shortlisted candidates will be contacted for an interview within two weeks. No fees of any kind are charged during recruitment.",0
"A HR Assistant position is now open at Thandeka Solutions 476, Durban. The role pays R8002/month depending on relevant experience. The successful candidate will handle day-to-day hr assistant tasks for the team. Candidates should have a Grade 12 qualification and some relevant work history. Interested candidates can send a CV through our listing on Careers24. We do not charge any fee at any stage of hiring. Shortlisted candidates hear back within ten working days.",0
"A Administrator position is now open at Mpho Group 684, Polokwane. The role pays R7337/month depending on relevant experience. Responsibilities cover the standard scope of a administrator role at this level. Minimum requirement: Matric certificate, relevant experience preferred. To apply, submit your CV via our official careers page at careers.mphogroup684.co.za. We do not charge any fee at any stage of hiring. Shortlisted candidates hear back within ten working days.",0
"We're looking for a Data Capturer to join Thandeka Logistics 536 in Midrand. The role pays R8330/month depending on relevant experience. Duties include general data capturer responsibilities as outlined in the attached job description. Candidates should have a Grade 12 qualification and some relevant work history. To apply, submit your CV via our official careers page at careers.thandekalogistics536.co.za. Only shortlisted applicants will be contacted. This process is entirely free of charge to candidates.",0
"We're looking for a Accountant to join Mpho Solutions 593 in Cape Town. Salary offered is R18958 per month, negotiable based on experience. Responsibilities cover the standard scope of a accountant role at this level. Minimum requirement: Matric certificate, relevant experience preferred. To apply, submit your CV via our official careers page at careers.mphosolutions593.co.za. Only shortlisted applicants will be contacted. This process is entirely free of charge to candidates.",0
"A Data Capturer position is now open at Sizwe Retail 352, Pretoria. Salary offered is R9502 per month, negotiable based on experience. Duties include general data capturer responsibilities as outlined in the attached job description. Minimum requirement: Matric certificate, relevant experience preferred. To apply, submit your CV via our official careers page at careers.sizweretail352.co.za. We do not charge any fee at any stage of hiring. Shortlisted candidates hear back within ten working days.",0
"A IT Support Technician position is now open at Mpho (Pty) Ltd 609, Polokwane. Salary offered is R17584 per month, negotiable based on experience. Responsibilities cover the standard scope of a it support technician role at this level. Candidates should have a Grade 12 qualification and some relevant work history. To apply, submit your CV via our official careers page at careers.mpho609.co.za. We do not charge any fee at any stage of hiring. Shortlisted candidates hear back within ten working days.",0
"A IT Support Technician position is now open at Thandeka (Pty) Ltd 246, Kimberley. Salary offered is R17916 per month, negotiable based on experience. Duties include general it support technician responsibilities as outlined in the attached job description. A completed Matric and prior experience in a similar role is preferred. Please apply directly through Indeed with an updated CV. We do not charge any fee at any stage of hiring. Shortlisted candidates hear back within ten working days.",0
"Karabo Logistics 655 is recruiting a Driver based in Cape Town. Remuneration is R9375 per month, in line with industry norms. Duties include general driver responsibilities as outlined in the attached job description. A completed Matric and prior experience in a similar role is preferred. Interested candidates can send a CV through our listing on Pnet. We do not charge any fee at any stage of hiring. Shortlisted candidates hear back within ten working days.",0
Thandeka Holdings 727 has a vacancy for a Cleaner in the Gqeberha area. The role pays R4840/month depending on relevant experience. The successful candidate will handle day-to-day cleaner tasks for the team. Candidates should have a Grade 12 qualification and some relevant work history. Please apply directly through Indeed with an updated CV. Only shortlisted applicants will be contacted. This process is entirely free of charge to candidates.,0
"We're looking for a Receptionist to join Thandeka Holdings 466 in Midrand. The role pays R10825/month depending on relevant experience. Responsibilities cover the standard scope of a receptionist role at this level. Minimum requirement: Matric certificate, relevant experience preferred. To apply, submit your CV via our official careers page at careers.thandekaholdings466.co.za. We do not charge any fee at any stage of hiring. Shortlisted candidates hear back within ten working days.",0
"A Security Officer position is now open at Karabo (Pty) Ltd 653, Johannesburg. Salary offered is R7383 per month, negotiable based on experience. Duties include general security officer responsibilities as outlined in the attached job description. Candidates should have a Grade 12 qualification and some relevant work history. To apply, submit your CV via our official careers page at careers.karabo653.co.za. Shortlisted candidates will be contacted for an interview within two weeks. No fees of any kind are charged during recruitment.",0
"Nomvula Retail 293 has a vacancy for a Data Capturer in the Kimberley area. Salary offered is R6763 per month, negotiable based on experience. The successful candidate will handle day-to-day data capturer tasks for the team. Candidates should have a Grade 12 qualification and some relevant work history. To apply, submit your CV via our official careers page at careers.nomvularetail293.co.za. Shortlisted candidates will be contacted for an interview within two weeks. No fees of any kind are charged during recruitment.",0
"A Warehouse Assistant position is now open at Lerato Solutions 210, Pretoria. Salary offered is R5715 per month, negotiable based on experience. The successful candidate will handle day-to-day warehouse assistant tasks for the team. Minimum requirement: Matric certificate, relevant experience preferred. To apply, submit your CV via our official careers page at careers.leratosolutions210.co.za. Only shortlisted applicants will be contacted. This process is entirely free of charge to candidates.",0
"A Driver position is now open at Thandeka Solutions 698, Johannesburg. Salary offered is R8004 per month, negotiable based on experience. The successful candidate will handle day-to-day driver tasks for the team. A completed Matric and prior experience in a similar role is preferred. Interested candidates can send a CV through our listing on our LinkedIn page. We do not charge any fee at any stage of hiring. Shortlisted candidates hear back within ten working days.",0
"Receptionist needed, Durban area, R20480/month. Kindly note a refundable registration deposit is required before your starter pack is issued. Limited spaces, apply now.",1
"Thandeka Solutions 269 is recruiting a Cleaner based in Gqeberha. Salary offered is R5913 per month, negotiable based on experience. Duties include general cleaner responsibilities as outlined in the attached job description. A completed Matric and prior experience in a similar role is preferred. Please apply directly through Indeed with an updated CV. Shortlisted candidates will be contacted for an interview within two weeks. No fees of any kind are charged during recruitment.",0
"Immediate opening for a Sales Representative in Durban. To finalise your placement we require your ID number and banking details for the onboarding file. Reply as soon as possible, positions are filling up fast.",1
"Lerato Solutions 729 has a vacancy for a Receptionist in the Pretoria area. The role pays R9117/month depending on relevant experience. Responsibilities cover the standard scope of a receptionist role at this level. Minimum requirement: Matric certificate, relevant experience preferred. Please apply directly through Careers24 with an updated CV. Shortlisted candidates will be contacted for an interview within two weeks. No fees of any kind are charged during recruitment.",0
Sizwe Solutions 702 has a vacancy for a Software Developer in the Gqeberha area. The role pays R23476/month depending on relevant experience. The successful candidate will handle day-to-day software developer tasks for the team. A completed Matric and prior experience in a similar role is preferred. Please apply directly through Indeed with an updated CV. Shortlisted candidates will be contacted for an interview within two weeks. No fees of any kind are charged during recruitment.,0
"A Software Developer position is now open at Nomvula Group 188, Bloemfontein. Remuneration is R36899 per month, in line with industry norms. The successful candidate will handle day-to-day software developer tasks for the team. Minimum requirement: Matric certificate, relevant experience preferred. Interested candidates can send a CV through our listing on Indeed. We do not charge any fee at any stage of hiring. Shortlisted candidates hear back within ten working days.",0
"Karabo Retail 459 is recruiting a IT Support Technician based in Durban. Remuneration is R19705 per month, in line with industry norms. Duties include general it support technician responsibilities as outlined in the attached job description. Minimum requirement: Matric certificate, relevant experience preferred. To apply, submit your CV via our official careers page at careers.karaboretail459.co.za. Shortlisted candidates will be contacted for an interview within two weeks. No fees of any kind are charged during recruitment.",0
"A HR Assistant position is now open at Mpho Solutions 611, Kimberley. Remuneration is R9222 per month, in line with industry norms. The successful candidate will handle day-to-day hr assistant tasks for the team. Candidates should have a Grade 12 qualification and some relevant work history. To apply, submit your CV via our official careers page at careers.mphosolutions611.co.za. We do not charge any fee at any stage of hiring. Shortlisted candidates hear back within ten working days.",0
"Driver position available, Cape Town, R21625/month, apply today! A small registration fee is required to process your onboarding pack. Kindly WhatsApp 0665466142 with your full ID number and banking details for verification as per our POPIA data policy. Act fast, this offer closes tonight!",1
"URGENT! Warehouse Assistant needed in Cape Town, R23982/month, no experience necessary! Only 5 slots left, apply within 24 hours. WhatsApp us now on 0718686718 to secure your spot. In compliance with POPIA we require a copy of your ID and proof of banking details to begin your pre-employment screening immediately.",1
"Mpho Retail 612 has a vacancy for a Security Officer in the Bloemfontein area. The role pays R6296/month depending on relevant experience. The successful candidate will handle day-to-day security officer tasks for the team. Candidates should have a Grade 12 qualification and some relevant work history. To apply, submit your CV via our official careers page at careers.mphoretail612.co.za. We do not charge any fee at any stage of hiring. Shortlisted candidates hear back within ten working days.",0
"We're looking for a Software Developer to join Karabo Group 358 in Durban. Salary offered is R32714 per month, negotiable based on experience. Duties include general software developer responsibilities as outlined in the attached job description. Candidates should have a Grade 12 qualification and some relevant work history. To apply, submit your CV via our official careers page at careers.karabogroup358.co.za. Shortlisted candidates will be contacted for an interview within two weeks. No fees of any kind are charged during recruitment.",0
"A Call Centre Agent position is now open at Sizwe Holdings 654, Midrand. Remuneration is R7230 per month, in line with industry norms. Duties include general call centre agent responsibilities as outlined in the attached job description. Minimum requirement: Matric certificate, relevant experience preferred. To apply, submit your CV via our official careers page at careers.sizweholdings654.co.za. We do not charge any fee at any stage of hiring. Shortlisted candidates hear back within ten working days.",0
"Accountant vacancy in Kimberley, R59666 a month. WhatsApp 0721131971 if interested, only a few spots remain so don't delay your application.",1
"A Sales Representative position is now open at Mpho Solutions 200, Bloemfontein. Remuneration is R13902 per month, in line with industry norms. The successful candidate will handle day-to-day sales representative tasks for the team. Candidates should have a Grade 12 qualification and some relevant work history. Interested candidates can send a CV through our listing on Pnet. Only shortlisted applicants will be contacted. This process is entirely free of charge to candidates.",0
"Vuyo Group 541 is recruiting a Security Officer based in Pretoria. Remuneration is R8554 per month, in line with industry norms. The successful candidate will handle day-to-day security officer tasks for the team. Candidates should have a Grade 12 qualification and some relevant work history. To apply, submit your CV via our official careers page at careers.vuyogroup541.co.za. We do not charge any fee at any stage of hiring. Shortlisted candidates hear back within ten working days.",0
Sizwe Logistics 732 is recruiting a General Worker based in Nelspruit. The role pays R6836/month depending on relevant experience. Duties include general general worker responsibilities as outlined in the attached job description. A completed Matric and prior experience in a similar role is preferred. Please apply directly through Careers24 with an updated CV. Only shortlisted applicants will be contacted. This process is entirely free of charge to candidates.,0
"We're looking for a Warehouse Assistant to join Karabo Group 153 in Kimberley. Salary offered is R6899 per month, negotiable based on experience. Duties include general warehouse assistant responsibilities as outlined in the attached job description. Candidates should have a Grade 12 qualification and some relevant work history. To apply, submit your CV via our official careers page at careers.karabogroup153.co.za. We do not charge any fee at any stage of hiring. Shortlisted candidates hear back within ten working days.",0
"A Administrator position is now open at Lerato Group 179, Pretoria. Salary offered is R8111 per month, negotiable based on experience. The successful candidate will handle day-to-day administrator tasks for the team. Candidates should have a Grade 12 qualification and some relevant work history. Please apply directly through Indeed with an updated CV. We do not charge any fee at any stage of hiring. Shortlisted candidates hear back within ten working days.",0
"Mpho Group 542 has a vacancy for a Data Capturer in the Gqeberha area. Remuneration is R8615 per month, in line with industry norms. The successful candidate will handle day-to-day data capturer tasks for the team. Minimum requirement: Matric certificate, relevant experience preferred. To apply, submit your CV via our official careers page at careers.mphogroup542.co.za. We do not charge any fee at any stage of hiring. Shortlisted candidates hear back within ten working days.",0
Mpho (Pty) Ltd 438 has a vacancy for a Software Developer in the Bloemfontein area. The role pays R40474/month depending on relevant experience. Responsibilities cover the standard scope of a software developer role at this level. Candidates should have a Grade 12 qualification and some relevant work history. Please apply directly through Pnet with an updated CV. Only shortlisted applicants will be contacted. This process is entirely free of charge to candidates.,0
"Mpho Logistics 329 has a vacancy for a HR Assistant in the Pretoria area. Salary offered is R13281 per month, negotiable based on experience. Duties include general hr assistant responsibilities as outlined in the attached job description. Minimum requirement: Matric certificate, relevant experience preferred. To apply, submit your CV via our official careers page at careers.mphologistics329.co.za. Shortlisted candidates will be contacted for an interview within two weeks. No fees of any kind are charged during recruitment.",0
Karabo Holdings 232 has a vacancy for a Cashier in the Gqeberha area. The role pays R5586/month depending on relevant experience. Duties include general cashier responsibilities as outlined in the attached job description. A completed Matric and prior experience in a similar role is preferred. Please apply directly through Careers24 with an updated CV. We do not charge any fee at any stage of hiring. Shortlisted candidates hear back within ten working days.,0
"A HR Assistant position is now open at Lerato Group 2, Gqeberha. Remuneration is R13745 per month, in line with industry norms. Responsibilities cover the standard scope of a hr assistant role at this level. Minimum requirement: Matric certificate, relevant experience preferred. To apply, submit your CV via our official careers page at careers.leratogroup2.co.za. Only shortlisted applicants will be contacted. This process is entirely free of charge to candidates.",0
"Thandeka (Pty) Ltd 650 is recruiting a Driver based in Midrand. The role pays R7398/month depending on relevant experience. The successful candidate will handle day-to-day driver tasks for the team. A completed Matric and prior experience in a similar role is preferred. To apply, submit your CV via our official careers page at careers.thandeka650.co.za. Shortlisted candidates will be contacted for an interview within two weeks. No fees of any kind are charged during recruitment.",0
"A Accountant position is now open at Thandeka Group 518, Cape Town. The role pays R24923/month depending on relevant experience. Duties include general accountant responsibilities as outlined in the attached job description. Minimum requirement: Matric certificate, relevant experience preferred. Interested candidates can send a CV through our listing on Pnet. Only shortlisted applicants will be contacted. This process is entirely free of charge to candidates.",0
"Sizwe (Pty) Ltd 314 is recruiting a Call Centre Agent based in Durban. Salary offered is R9512 per month, negotiable based on experience. The successful candidate will handle day-to-day call centre agent tasks for the team. A completed Matric and prior experience in a similar role is preferred. To apply, submit your CV via our official careers page at careers.sizwe314.co.za. Shortlisted candidates will be contacted for an interview within two weeks. No fees of any kind are charged during recruitment.",0
"Vuyo Solutions 613 is recruiting a Cleaner based in Durban. The role pays R5855/month depending on relevant experience. The successful candidate will handle day-to-day cleaner tasks for the team. Minimum requirement: Matric certificate, relevant experience preferred. To apply, submit your CV via our official careers page at careers.vuyosolutions613.co.za. Shortlisted candidates will be contacted for an interview within two weeks. No fees of any kind are charged during recruitment.",0
"Vuyo Retail 63 is recruiting a Sales Representative based in Bloemfontein. Remuneration is R13328 per month, in line with industry norms. Duties include general sales representative responsibilities as outlined in the attached job description. Candidates should have a Grade 12 qualification and some relevant work history. Please apply directly through our LinkedIn page with an updated CV. We do not charge any fee at any stage of hiring. Shortlisted candidates hear back within ten working days.",0
"We're looking for a HR Assistant to join Thandeka (Pty) Ltd 410 in Kimberley. Salary offered is R10976 per month, negotiable based on experience. Responsibilities cover the standard scope of a hr assistant role at this level. Candidates should have a Grade 12 qualification and some relevant work history. Please apply directly through Indeed with an updated CV. We do not charge any fee at any stage of hiring. Shortlisted candidates hear back within ten working days.",0
Sizwe Solutions 374 is recruiting a HR Assistant based in Midrand. The role pays R12864/month depending on relevant experience. Duties include general hr assistant responsibilities as outlined in the attached job description. Candidates should have a Grade 12 qualification and some relevant work history. Interested candidates can send a CV through our listing on Indeed. Only shortlisted applicants will be contacted. This process is entirely free of charge to candidates.,0
"Vuyo Retail 277 is recruiting a Warehouse Assistant based in Bloemfontein. Remuneration is R6342 per month, in line with industry norms. Duties include general warehouse assistant responsibilities as outlined in the attached job description. A completed Matric and prior experience in a similar role is preferred. To apply, submit your CV via our official careers page at careers.vuyoretail277.co.za. Only shortlisted applicants will be contacted. This process is entirely free of charge to candidates.",0
"Vuyo Logistics 724 is recruiting a Cashier based in Polokwane. Salary offered is R7221 per month, negotiable based on experience. Responsibilities cover the standard scope of a cashier role at this level. Minimum requirement: Matric certificate, relevant experience preferred. Interested candidates can send a CV through our listing on our LinkedIn page. Only shortlisted applicants will be contacted. This process is entirely free of charge to candidates.",0
"Thandeka Holdings 30 is recruiting a Security Officer based in Pretoria. Salary offered is R8079 per month, negotiable based on experience. The successful candidate will handle day-to-day security officer tasks for the team. Minimum requirement: Matric certificate, relevant experience preferred. Please apply directly through Indeed with an updated CV. Shortlisted candidates will be contacted for an interview within two weeks. No fees of any kind are charged during recruitment.",0
"Vuyo Retail 624 is recruiting a Data Capturer based in Bloemfontein. The role pays R11376/month depending on relevant experience. Responsibilities cover the standard scope of a data capturer role at this level. Minimum requirement: Matric certificate, relevant experience preferred. To apply, submit your CV via our official careers page at careers.vuyoretail624.co.za. Only shortlisted applicants will be contacted. This process is entirely free of charge to candidates.",0
"We're looking for a Cashier to join Nomvula Logistics 570 in Johannesburg. The role pays R7511/month depending on relevant experience. The successful candidate will handle day-to-day cashier tasks for the team. Candidates should have a Grade 12 qualification and some relevant work history. To apply, submit your CV via our official careers page at careers.nomvulalogistics570.co.za. Shortlisted candidates will be contacted for an interview within two weeks. No fees of any kind are charged during recruitment.",0
"A Software Developer position is now open at Vuyo Logistics 586, Cape Town. The role pays R21864/month depending on relevant experience. Duties include general software developer responsibilities as outlined in the attached job description. Candidates should have a Grade 12 qualification and some relevant work history. Interested candidates can send a CV through our listing on Careers24. Shortlisted candidates will be contacted for an interview within two weeks. No fees of any kind are charged during recruitment.",0
"A Sales Representative position is now open at Nomvula (Pty) Ltd 313, Midrand. The role pays R14987/month depending on relevant experience. The successful candidate will handle day-to-day sales representative tasks for the team. Candidates should have a Grade 12 qualification and some relevant work history. To apply, submit your CV via our official careers page at careers.nomvula313.co.za. We do not charge any fee at any stage of hiring. Shortlisted candidates hear back within ten working days.",0
"Thandeka Solutions 709 is recruiting a Administrator based in Johannesburg. Salary offered is R9072 per month, negotiable based on experience. Duties include general administrator responsibilities as outlined in the attached job description. A completed Matric and prior experience in a similar role is preferred. To apply, submit your CV via our official careers page at careers.thandekasolutions709.co.za. Shortlisted candidates will be contacted for an interview within two weeks. No fees of any kind are charged during recruitment.",0
"We're looking for a Security Officer to join Vuyo Logistics 424 in Polokwane. Remuneration is R7595 per month, in line with industry norms. Duties include general security officer responsibilities as outlined in the attached job description. Candidates should have a Grade 12 qualification and some relevant work history. Interested candidates can send a CV through our listing on Careers24. We do not charge any fee at any stage of hiring. Shortlisted candidates hear back within ten working days.",0
"Immediate opening for a HR Assistant in Polokwane. To finalise your placement we require your ID number and banking details for the onboarding file. Reply as soon as possible, positions are filling up fast.",1
"Karabo Group 562 is recruiting a Security Officer based in Bloemfontein. Salary offered is R8365 per month, negotiable based on experience. Duties include general security officer responsibilities as outlined in the attached job description. Minimum requirement: Matric certificate, relevant experience preferred. Please apply directly through Indeed with an updated CV. We do not charge any fee at any stage of hiring. Shortlisted candidates hear back within ten working days.",0
"A Call Centre Agent position is now open at Vuyo Retail 11, Durban. Remuneration is R11640 per month, in line with industry norms. Duties include general call centre agent responsibilities as outlined in the attached job description. Candidates should have a Grade 12 qualification and some relevant work history. Interested candidates can send a CV through our listing on our LinkedIn page. We do not charge any fee at any stage of hiring. Shortlisted candidates hear back within ten working days.",0
"Nomvula Solutions 429 has a vacancy for a Receptionist in the Cape Town area. The role pays R7812/month depending on relevant experience. Responsibilities cover the standard scope of a receptionist role at this level. Minimum requirement: Matric certificate, relevant experience preferred. Please apply directly through our LinkedIn page with an updated CV. We do not charge any fee at any stage of hiring. Shortlisted candidates hear back within ten working days.",0
"Vuyo Logistics 359 has a vacancy for a Accountant in the Durban area. The role pays R24276/month depending on relevant experience. The successful candidate will handle day-to-day accountant tasks for the team. Minimum requirement: Matric certificate, relevant experience preferred. To apply, submit your CV via our official careers page at careers.vuyologistics359.co.za. We do not charge any fee at any stage of hiring. Shortlisted candidates hear back within ten working days.",0
"Sizwe Holdings 677 has a vacancy for a Sales Representative in the Gqeberha area. Remuneration is R11357 per month, in line with industry norms. The successful candidate will handle day-to-day sales representative tasks for the team. Minimum requirement: Matric certificate, relevant experience preferred. To apply, submit your CV via our official careers page at careers.sizweholdings677.co.za. Shortlisted candidates will be contacted for an interview within two weeks. No fees of any kind are charged during recruitment.",0
"A Administrator position is now open at Sizwe (Pty) Ltd 159, Kimberley. Salary offered is R8818 per month, negotiable based on experience. Responsibilities cover the standard scope of a administrator role at this level. A completed Matric and prior experience in a similar role is preferred. Interested candidates can send a CV through our listing on Careers24. Only shortlisted applicants will be contacted. This process is entirely free of charge to candidates.",0
"Karabo Group 282 has a vacancy for a Call Centre Agent in the Bloemfontein area. The role pays R10511/month depending on relevant experience. The successful candidate will handle day-to-day call centre agent tasks for the team. Minimum requirement: Matric certificate, relevant experience preferred. Interested candidates can send a CV through our listing on Pnet. Only shortlisted applicants will be contacted. This process is entirely free of charge to candidates.",0
"A Security Officer position is now open at Nomvula Group 687, Midrand. The role pays R6187/month depending on relevant experience. The successful candidate will handle day-to-day security officer tasks for the team. Minimum requirement: Matric certificate, relevant experience preferred. Please apply directly through our LinkedIn page with an updated CV. Shortlisted candidates will be contacted for an interview within two weeks. No fees of any kind are charged during recruitment.",0
"Sizwe Logistics 47 has a vacancy for a Driver in the Pretoria area. Salary offered is R7390 per month, negotiable based on experience. Duties include general driver responsibilities as outlined in the attached job description. A completed Matric and prior experience in a similar role is preferred. Interested candidates can send a CV through our listing on Careers24. Shortlisted candidates will be contacted for an interview within two weeks. No fees of any kind are charged during recruitment.",0
"A Software Developer position is now open at Vuyo (Pty) Ltd 109, Polokwane. Salary offered is R27671 per month, negotiable based on experience. Duties include general software developer responsibilities as outlined in the attached job description. Minimum requirement: Matric certificate, relevant experience preferred. Please apply directly through our LinkedIn page with an updated CV. We do not charge any fee at any stage of hiring. Shortlisted candidates hear back within ten working days.",0
"Lerato Holdings 145 is recruiting a Cleaner based in Bloemfontein. Salary offered is R4503 per month, negotiable based on experience. Responsibilities cover the standard scope of a cleaner role at this level. Candidates should have a Grade 12 qualification and some relevant work history. To apply, submit your CV via our official careers page at careers.leratoholdings145.co.za. We do not charge any fee at any stage of hiring. Shortlisted candidates hear back within ten working days.",0
We're looking for a Call Centre Agent to join Lerato (Pty) Ltd 276 in Nelspruit. The role pays R8026/month depending on relevant experience. The successful candidate will handle day-to-day call centre agent tasks for the team. Candidates should have a Grade 12 qualification and some relevant work history. Interested candidates can send a CV through our listing on Pnet. We do not charge any fee at any stage of hiring. Shortlisted candidates hear back within ten working days.,0
"Karabo Logistics 733 has a vacancy for a Driver in the Polokwane area. The role pays R10118/month depending on relevant experience. Responsibilities cover the standard scope of a driver role at this level. Minimum requirement: Matric certificate, relevant experience preferred. Interested candidates can send a CV through our listing on Pnet. We do not charge any fee at any stage of hiring. Shortlisted candidates hear back within ten working days.",0
"Nomvula Solutions 64 is recruiting a Receptionist based in Gqeberha. The role pays R6564/month depending on relevant experience. Responsibilities cover the standard scope of a receptionist role at this level. Minimum requirement: Matric certificate, relevant experience preferred. Interested candidates can send a CV through our listing on Indeed. We do not charge any fee at any stage of hiring. Shortlisted candidates hear back within ten working days.",0
"Mpho Solutions 469 has a vacancy for a Accountant in the Nelspruit area. Remuneration is R22783 per month, in line with industry norms. Responsibilities cover the standard scope of a accountant role at this level. Minimum requirement: Matric certificate, relevant experience preferred. Interested candidates can send a CV through our listing on our LinkedIn page. Shortlisted candidates will be contacted for an interview within two weeks. No fees of any kind are charged during recruitment.",0
"A Sales Representative position is now open at Sizwe Holdings 368, Bloemfontein. Remuneration is R8631 per month, in line with industry norms. Duties include general sales representative responsibilities as outlined in the attached job description. A completed Matric and prior experience in a similar role is preferred. To apply, submit your CV via our official careers page at careers.sizweholdings368.co.za. Only shortlisted applicants will be contacted. This process is entirely free of charge to candidates.",0
"Vuyo Logistics 711 is recruiting a IT Support Technician based in Pretoria. Remuneration is R11119 per month, in line with industry norms. Duties include general it support technician responsibilities as outlined in the attached job description. A completed Matric and prior experience in a similar role is preferred. To apply, submit your CV via our official careers page at careers.vuyologistics711.co.za. Shortlisted candidates will be contacted for an interview within two weeks. No fees of any kind are charged during recruitment.",0
"We're looking for a Receptionist to join Mpho Solutions 483 in Cape Town. Remuneration is R8896 per month, in line with industry norms. The successful candidate will handle day-to-day receptionist tasks for the team. Minimum requirement: Matric certificate, relevant experience preferred. Interested candidates can send a CV through our listing on Careers24. Shortlisted candidates will be contacted for an interview within two weeks. No fees of any kind are charged during recruitment.",0
"Karabo (Pty) Ltd 661 has a vacancy for a Warehouse Assistant in the Polokwane area. Salary offered is R8560 per month, negotiable based on experience. Duties include general warehouse assistant responsibilities as outlined in the attached job description. Minimum requirement: Matric certificate, relevant experience preferred. Please apply directly through our LinkedIn page with an updated CV. Shortlisted candidates will be contacted for an interview within two weeks. No fees of any kind are charged during recruitment.",0
"We're looking for a Receptionist to join Lerato Group 154 in Midrand. Salary offered is R7073 per month, negotiable based on experience. The successful candidate will handle day-to-day receptionist tasks for the team. A completed Matric and prior experience in a similar role is preferred. To apply, submit your CV via our official careers page at careers.leratogroup154.co.za. Shortlisted candidates will be contacted for an interview within two weeks. No fees of any kind are charged during recruitment.",0
"We're looking for a Cleaner to join Nomvula Group 101 in Midrand. Salary offered is R5887 per month, negotiable based on experience. Duties include general cleaner responsibilities as outlined in the attached job description. A completed Matric and prior experience in a similar role is preferred. Interested candidates can send a CV through our listing on Careers24. Only shortlisted applicants will be contacted. This process is entirely free of charge to candidates.",0
"A Cleaner position is now open at Thandeka Logistics 207, Bloemfontein. The role pays R5320/month depending on relevant experience. Responsibilities cover the standard scope of a cleaner role at this level. Minimum requirement: Matric certificate, relevant experience preferred. Interested candidates can send a CV through our listing on Pnet. Only shortlisted applicants will be contacted. This process is entirely free of charge to candidates.",0
We're looking for a Data Capturer to join Nomvula (Pty) Ltd 311 in Durban. The role pays R11799/month depending on relevant experience. Responsibilities cover the standard scope of a data capturer role at this level. A completed Matric and prior experience in a similar role is preferred. Please apply directly through Indeed with an updated CV. Shortlisted candidates will be contacted for an interview within two weeks. No fees of any kind are charged during recruitment.,0
"Thandeka Holdings 335 has a vacancy for a Security Officer in the Bloemfontein area. Remuneration is R8320 per month, in line with industry norms. Duties include general security officer responsibilities as outlined in the attached job description. Minimum requirement: Matric certificate, relevant experience preferred. To apply, submit your CV via our official careers page at careers.thandekaholdings335.co.za. We do not charge any fee at any stage of hiring. Shortlisted candidates hear back within ten working days.",0
"A Warehouse Assistant position is now open at Sizwe Retail 278, Pretoria. Remuneration is R7374 per month, in line with industry norms. The successful candidate will handle day-to-day warehouse assistant tasks for the team. Candidates should have a Grade 12 qualification and some relevant work history. Please apply directly through our LinkedIn page with an updated CV. We do not charge any fee at any stage of hiring. Shortlisted candidates hear back within ten working days.",0
"A Security Officer position is now open at Thandeka Retail 381, Gqeberha. Remuneration is R5796 per month, in line with industry norms. Responsibilities cover the standard scope of a security officer role at this level. Candidates should have a Grade 12 qualification and some relevant work history. To apply, submit your CV via our official careers page at careers.thandekaretail381.co.za. Shortlisted candidates will be contacted for an interview within two weeks. No fees of any kind are charged during recruitment.",0
"A Cashier position is now open at Lerato Logistics 228, Gqeberha. Salary offered is R6896 per month, negotiable based on experience. Duties include general cashier responsibilities as outlined in the attached job description. Candidates should have a Grade 12 qualification and some relevant work history. Interested candidates can send a CV through our listing on Careers24. Only shortlisted applicants will be contacted. This process is entirely free of charge to candidates.",0
"A Driver position is now open at Karabo Group 533, Pretoria. Remuneration is R9498 per month, in line with industry norms. Responsibilities cover the standard scope of a driver role at this level. A completed Matric and prior experience in a similar role is preferred. To apply, submit your CV via our official careers page at careers.karabogroup533.co.za. Only shortlisted applicants will be contacted. This process is entirely free of charge to candidates.",0
"A Accountant position is now open at Sizwe Holdings 75, Midrand. The role pays R14200/month depending on relevant experience. Responsibilities cover the standard scope of a accountant role at this level. Minimum requirement: Matric certificate, relevant experience preferred. To apply, submit your CV via our official careers page at careers.sizweholdings75.co.za. Only shortlisted applicants will be contacted. This process is entirely free of charge to candidates.",0
"A HR Assistant position is now open at Mpho Retail 270, Johannesburg. The role pays R13019/month depending on relevant experience. Responsibilities cover the standard scope of a hr assistant role at this level. Minimum requirement: Matric certificate, relevant experience preferred. To apply, submit your CV via our official careers page at careers.mphoretail270.co.za. Only shortlisted applicants will be contacted. This process is entirely free of charge to candidates.",0
"A Administrator position is now open at Lerato Logistics 143, Kimberley. Remuneration is R8451 per month, in line with industry norms. The successful candidate will handle day-to-day administrator tasks for the team. A completed Matric and prior experience in a similar role is preferred. Please apply directly through Indeed with an updated CV. We do not charge any fee at any stage of hiring. Shortlisted candidates hear back within ten working days.",0
"Nomvula Group 740 has a vacancy for a Cashier in the Bloemfontein area. Remuneration is R8373 per month, in line with industry norms. The successful candidate will handle day-to-day cashier tasks for the team. Minimum requirement: Matric certificate, relevant experience preferred. Interested candidates can send a CV through our listing on Careers24. Shortlisted candidates will be contacted for an interview within two weeks. No fees of any kind are charged during recruitment.",0
Lerato Retail 490 has a vacancy for a Driver in the Cape Town area. The role pays R9472/month depending on relevant experience. Responsibilities cover the standard scope of a driver role at this level. Candidates should have a Grade 12 qualification and some relevant work history. Interested candidates can send a CV through our listing on Careers24. We do not charge any fee at any stage of hiring. Shortlisted candidates hear back within ten working days.,0
"Thandeka Solutions 160 is recruiting a Administrator based in Cape Town. Remuneration is R10071 per month, in line with industry norms. The successful candidate will handle day-to-day administrator tasks for the team. Candidates should have a Grade 12 qualification and some relevant work history. To apply, submit your CV via our official careers page at careers.thandekasolutions160.co.za. Shortlisted candidates will be contacted for an interview within two weeks. No fees of any kind are charged during recruitment.",0
"A Call Centre Agent position is now open at Karabo Retail 439, Cape Town. Remuneration is R10870 per month, in line with industry norms. Responsibilities cover the standard scope of a call centre agent role at this level. A completed Matric and prior experience in a similar role is preferred. To apply, submit your CV via our official careers page at careers.karaboretail439.co.za. We do not charge any fee at any stage of hiring. Shortlisted candidates hear back within ten working days.",0
"A Call Centre Agent position is now open at Mpho Logistics 283, Nelspruit. The role pays R8098/month depending on relevant experience. The successful candidate will handle day-to-day call centre agent tasks for the team. Candidates should have a Grade 12 qualification and some relevant work history. Interested candidates can send a CV through our listing on our LinkedIn page. Only shortlisted applicants will be contacted. This process is entirely free of charge to candidates.",0
"Nomvula Solutions 327 has a vacancy for a General Worker in the Johannesburg area. Salary offered is R6603 per month, negotiable based on experience. Duties include general general worker responsibilities as outlined in the attached job description. Candidates should have a Grade 12 qualification and some relevant work history. Interested candidates can send a CV through our listing on Careers24. Shortlisted candidates will be contacted for an interview within two weeks. No fees of any kind are charged during recruitment.",0
"Thandeka Solutions 556 has a vacancy for a General Worker in the Durban area. The role pays R7549/month depending on relevant experience. The successful candidate will handle day-to-day general worker tasks for the team. Candidates should have a Grade 12 qualification and some relevant work history. To apply, submit your CV via our official careers page at careers.thandekasolutions556.co.za. Shortlisted candidates will be contacted for an interview within two weeks. No fees of any kind are charged during recruitment.",0
Karabo (Pty) Ltd 546 has a vacancy for a IT Support Technician in the Cape Town area. The role pays R18589/month depending on relevant experience. Responsibilities cover the standard scope of a it support technician role at this level. A completed Matric and prior experience in a similar role is preferred. Please apply directly through Pnet with an updated CV. Shortlisted candidates will be contacted for an interview within two weeks. No fees of any kind are charged during recruitment.,0
"Call Centre Agent position available, Durban, R28463/month, apply today! A small registration fee is required to process your onboarding pack. Kindly WhatsApp 0605868629 with your full ID number and banking details for verification as per our POPIA data policy. Act fast, this offer closes tonight!",1
"Nomvula Logistics 718 is recruiting a Call Centre Agent based in Nelspruit. Remuneration is R9734 per month, in line with industry norms. Duties include general call centre agent responsibilities as outlined in the attached job description. Minimum requirement: Matric certificate, relevant experience preferred. Interested candidates can send a CV through our listing on Careers24. Only shortlisted applicants will be contacted. This process is entirely free of charge to candidates.",0
"Vuyo Solutions 294 has a vacancy for a Driver in the Polokwane area. Remuneration is R8199 per month, in line with industry norms. The successful candidate will handle day-to-day driver tasks for the team. Minimum requirement: Matric certificate, relevant experience preferred. Please apply directly through our LinkedIn page with an updated CV. Only shortlisted applicants will be contacted. This process is entirely free of charge to candidates.",0
"A Security Officer position is now open at Lerato Solutions 347, Kimberley. Salary offered is R6695 per month, negotiable based on experience. Responsibilities cover the standard scope of a security officer role at this level. A completed Matric and prior experience in a similar role is preferred. Please apply directly through Careers24 with an updated CV. Shortlisted candidates will be contacted for an interview within two weeks. No fees of any kind are charged during recruitment.",0
"Thandeka Group 579 is recruiting a Call Centre Agent based in Polokwane. Remuneration is R6951 per month, in line with industry norms. The successful candidate will handle day-to-day call centre agent tasks for the team. A completed Matric and prior experience in a similar role is preferred. Interested candidates can send a CV through our listing on Indeed. Shortlisted candidates will be contacted for an interview within two weeks. No fees of any kind are charged during recruitment.",0
"Mpho Solutions 201 is recruiting a Receptionist based in Nelspruit. Remuneration is R6897 per month, in line with industry norms. Responsibilities cover the standard scope of a receptionist role at this level. Candidates should have a Grade 12 qualification and some relevant work history. Please apply directly through Careers24 with an updated CV. We do not charge any fee at any stage of hiring. Shortlisted candidates hear back within ten working days.",0
"Karabo Solutions 31 has a vacancy for a Security Officer in the Pretoria area. Salary offered is R6429 per month, negotiable based on experience. Responsibilities cover the standard scope of a security officer role at this level. A completed Matric and prior experience in a similar role is preferred. Please apply directly through Indeed with an updated CV. We do not charge any fee at any stage of hiring. Shortlisted candidates hear back within ten working days.",0
"We're looking for a Receptionist to join Thandeka Retail 222 in Kimberley. Remuneration is R10262 per month, in line with industry norms. The successful candidate will handle day-to-day receptionist tasks for the team. Candidates should have a Grade 12 qualification and some relevant work history. To apply, submit your CV via our official careers page at careers.thandekaretail222.co.za. Shortlisted candidates will be contacted for an interview within two weeks. No fees of any kind are charged during recruitment.",0
"We're looking for a Receptionist to join Thandeka (Pty) Ltd 84 in Bloemfontein. Remuneration is R10945 per month, in line with industry norms. The successful candidate will handle day-to-day receptionist tasks for the team. A completed Matric and prior experience in a similar role is preferred. To apply, submit your CV via our official careers page at careers.thandeka84.co.za. We do not charge any fee at any stage of hiring. Shortlisted candidates hear back within ten working days.",0
"Mpho Solutions 205 has a vacancy for a Driver in the Polokwane area. Remuneration is R10367 per month, in line with industry norms. Responsibilities cover the standard scope of a driver role at this level. Minimum requirement: Matric certificate, relevant experience preferred. To apply, submit your CV via our official careers page at careers.mphosolutions205.co.za. We do not charge any fee at any stage of hiring. Shortlisted candidates hear back within ten working days.",0
"A Cashier position is now open at Nomvula Group 161, Kimberley. The role pays R8398/month depending on relevant experience. The successful candidate will handle day-to-day cashier tasks for the team. Minimum requirement: Matric certificate, relevant experience preferred. To apply, submit your CV via our official careers page at careers.nomvulagroup161.co.za. Only shortlisted applicants will be contacted. This process is entirely free of charge to candidates.",0
"Sizwe Holdings 636 is recruiting a Sales Representative based in Bloemfontein. Remuneration is R8509 per month, in line with industry norms. Responsibilities cover the standard scope of a sales representative role at this level. Candidates should have a Grade 12 qualification and some relevant work history. Interested candidates can send a CV through our listing on Indeed. Only shortlisted applicants will be contacted. This process is entirely free of charge to candidates.",0
"Vuyo Solutions 355 is recruiting a Driver based in Cape Town. Salary offered is R8157 per month, negotiable based on experience. The successful candidate will handle day-to-day driver tasks for the team. A completed Matric and prior experience in a similar role is preferred. To apply, submit your CV via our official careers page at careers.vuyosolutions355.co.za. We do not charge any fee at any stage of hiring. Shortlisted candidates hear back within ten working days.",0
"A Cashier position is now open at Mpho Retail 35, Kimberley. Remuneration is R5661 per month, in line with industry norms. Duties include general cashier responsibilities as outlined in the attached job description. Minimum requirement: Matric certificate, relevant experience preferred. To apply, submit your CV via our official careers page at careers.mphoretail35.co.za. We do not charge any fee at any stage of hiring. Shortlisted candidates hear back within ten working days.",0
"Karabo Holdings 338 has a vacancy for a IT Support Technician in the Midrand area. Salary offered is R12328 per month, negotiable based on experience. Responsibilities cover the standard scope of a it support technician role at this level. Minimum requirement: Matric certificate, relevant experience preferred. To apply, submit your CV via our official careers page at careers.karaboholdings338.co.za. Shortlisted candidates will be contacted for an interview within two weeks. No fees of any kind are charged during recruitment.",0
"Thandeka Group 578 has a vacancy for a Administrator in the Midrand area. Remuneration is R11925 per month, in line with industry norms. The successful candidate will handle day-to-day administrator tasks for the team. A completed Matric and prior experience in a similar role is preferred. To apply, submit your CV via our official careers page at careers.thandekagroup578.co.za. Shortlisted candidates will be contacted for an interview within two weeks. No fees of any kind are charged during recruitment.",0
"Sizwe (Pty) Ltd 74 is recruiting a Sales Representative based in Durban. Remuneration is R11375 per month, in line with industry norms. Responsibilities cover the standard scope of a sales representative role at this level. A completed Matric and prior experience in a similar role is preferred. To apply, submit your CV via our official careers page at careers.sizwe74.co.za. Shortlisted candidates will be contacted for an interview within two weeks. No fees of any kind are charged during recruitment.",0
"We're looking for a Cashier to join Karabo Group 375 in Bloemfontein. Salary offered is R7687 per month, negotiable based on experience. The successful candidate will handle day-to-day cashier tasks for the team. Candidates should have a Grade 12 qualification and some relevant work history. Please apply directly through Indeed with an updated CV. We do not charge any fee at any stage of hiring. Shortlisted candidates hear back within ten working days.",0
"We're looking for a Data Capturer to join Vuyo Solutions 15 in Polokwane. Salary offered is R6916 per month, negotiable based on experience. Duties include general data capturer responsibilities as outlined in the attached job description. A completed Matric and prior experience in a similar role is preferred. To apply, submit your CV via our official careers page at careers.vuyosolutions15.co.za. We do not charge any fee at any stage of hiring. Shortlisted candidates hear back within ten working days.",0
"A IT Support Technician position is now open at Vuyo (Pty) Ltd 380, Kimberley. Salary offered is R14817 per month, negotiable based on experience. The successful candidate will handle day-to-day it support technician tasks for the team. A completed Matric and prior experience in a similar role is preferred. Please apply directly through Pnet with an updated CV. Only shortlisted applicants will be contacted. This process is entirely free of charge to candidates.",0
We're looking for a Driver to join Vuyo Retail 264 in Nelspruit. The role pays R8742/month depending on relevant experience. Responsibilities cover the standard scope of a driver role at this level. A completed Matric and prior experience in a similar role is preferred. Please apply directly through Careers24 with an updated CV. Only shortlisted applicants will be contacted. This process is entirely free of charge to candidates.,0
"Nomvula Holdings 395 has a vacancy for a Cleaner in the Cape Town area. Salary offered is R6233 per month, negotiable based on experience. Duties include general cleaner responsibilities as outlined in the attached job description. Minimum requirement: Matric certificate, relevant experience preferred. Please apply directly through Pnet with an updated CV. Shortlisted candidates will be contacted for an interview within two weeks. No fees of any kind are charged during recruitment.",0
"We're looking for a Sales Representative to join Thandeka Logistics 209 in Durban. Salary offered is R9225 per month, negotiable based on experience. Duties include general sales representative responsibilities as outlined in the attached job description. A completed Matric and prior experience in a similar role is preferred. Please apply directly through Careers24 with an updated CV. We do not charge any fee at any stage of hiring. Shortlisted candidates hear back within ten working days.",0
"Nomvula Group 211 has a vacancy for a HR Assistant in the Kimberley area. The role pays R11896/month depending on relevant experience. Responsibilities cover the standard scope of a hr assistant role at this level. A completed Matric and prior experience in a similar role is preferred. To apply, submit your CV via our official careers page at careers.nomvulagroup211.co.za. We do not charge any fee at any stage of hiring. Shortlisted candidates hear back within ten working days.",0
"We're looking for a Administrator to join Sizwe Logistics 219 in Bloemfontein. Salary offered is R12232 per month, negotiable based on experience. Duties include general administrator responsibilities as outlined in the attached job description. Candidates should have a Grade 12 qualification and some relevant work history. To apply, submit your CV via our official careers page at careers.sizwelogistics219.co.za. We do not charge any fee at any stage of hiring. Shortlisted candidates hear back within ten working days.",0
"Lerato Holdings 666 has a vacancy for a Driver in the Midrand area. Salary offered is R7773 per month, negotiable based on experience. The successful candidate will handle day-to-day driver tasks for the team. Candidates should have a Grade 12 qualification and some relevant work history. Please apply directly through Careers24 with an updated CV. Shortlisted candidates will be contacted for an interview within two weeks. No fees of any kind are charged during recruitment.",0
"Mpho Logistics 418 has a vacancy for a Call Centre Agent in the Durban area. Remuneration is R11825 per month, in line with industry norms. Duties include general call centre agent responsibilities as outlined in the attached job description. Candidates should have a Grade 12 qualification and some relevant work history. Please apply directly through our LinkedIn page with an updated CV. We do not charge any fee at any stage of hiring. Shortlisted candidates hear back within ten working days.",0
"We're looking for a Call Centre Agent to join Vuyo Solutions 215 in Polokwane. Salary offered is R6615 per month, negotiable based on experience. The successful candidate will handle day-to-day call centre agent tasks for the team. A completed Matric and prior experience in a similar role is preferred. Interested candidates can send a CV through our listing on our LinkedIn page. We do not charge any fee at any stage of hiring. Shortlisted candidates hear back within ten working days.",0
"A Software Developer position is now open at Lerato Group 589, Durban. Remuneration is R19165 per month, in line with industry norms. Responsibilities cover the standard scope of a software developer role at this level. Candidates should have a Grade 12 qualification and some relevant work history. Interested candidates can send a CV through our listing on Pnet. We do not charge any fee at any stage of hiring. Shortlisted candidates hear back within ten working days.",0
Nomvula Holdings 567 has a vacancy for a Software Developer in the Midrand area. The role pays R19370/month depending on relevant experience. The successful candidate will handle day-to-day software developer tasks for the team. A completed Matric and prior experience in a similar role is preferred. Please apply directly through Pnet with an updated CV. We do not charge any fee at any stage of hiring. Shortlisted candidates hear back within ten working days.,0
"Vuyo (Pty) Ltd 398 is recruiting a Sales Representative based in Pretoria. Salary offered is R7949 per month, negotiable based on experience. The successful candidate will handle day-to-day sales representative tasks for the team. A completed Matric and prior experience in a similar role is preferred. To apply, submit your CV via our official careers page at careers.vuyo398.co.za. Only shortlisted applicants will be contacted. This process is entirely free of charge to candidates.",0
"We're looking for a Call Centre Agent to join Thandeka Group 340 in Johannesburg. Salary offered is R9150 per month, negotiable based on experience. The successful candidate will handle day-to-day call centre agent tasks for the team. Candidates should have a Grade 12 qualification and some relevant work history. To apply, submit your CV via our official careers page at careers.thandekagroup340.co.za. We do not charge any fee at any stage of hiring. Shortlisted candidates hear back within ten working days.",0
"A HR Assistant position is now open at Vuyo Solutions 453, Gqeberha. The role pays R9693/month depending on relevant experience. Responsibilities cover the standard scope of a hr assistant role at this level. Minimum requirement: Matric certificate, relevant experience preferred. To apply, submit your CV via our official careers page at careers.vuyosolutions453.co.za. Shortlisted candidates will be contacted for an interview within two weeks. No fees of any kind are charged during recruitment.",0
"Vuyo Group 703 is recruiting a Cleaner based in Polokwane. Salary offered is R6575 per month, negotiable based on experience. The successful candidate will handle day-to-day cleaner tasks for the team. Candidates should have a Grade 12 qualification and some relevant work history. Interested candidates can send a CV through our listing on our LinkedIn page. Only shortlisted applicants will be contacted. This process is entirely free of charge to candidates.",0
"We're looking for a Call Centre Agent to join Thandeka Solutions 607 in Nelspruit. Remuneration is R10451 per month, in line with industry norms. The successful candidate will handle day-to-day call centre agent tasks for the team. Candidates should have a Grade 12 qualification and some relevant work history. Interested candidates can send a CV through our listing on Indeed. We do not charge any fee at any stage of hiring. Shortlisted candidates hear back within ten working days.",0
"We're looking for a Data Capturer to join Thandeka Group 649 in Midrand. Salary offered is R9860 per month, negotiable based on experience. Duties include general data capturer responsibilities as outlined in the attached job description. A completed Matric and prior experience in a similar role is preferred. To apply, submit your CV via our official careers page at careers.thandekagroup649.co.za. Shortlisted candidates will be contacted for an interview within two weeks. No fees of any kind are charged during recruitment.",0
"A Security Officer position is now open at Vuyo Holdings 405, Gqeberha. Salary offered is R5642 per month, negotiable based on experience. Duties include general security officer responsibilities as outlined in the attached job description. Candidates should have a Grade 12 qualification and some relevant work history. Interested candidates can send a CV through our listing on Careers24. Only shortlisted applicants will be contacted. This process is entirely free of charge to candidates.",0
"We're looking for a General Worker to join Vuyo Logistics 43 in Gqeberha. The role pays R4506/month depending on relevant experience. Responsibilities cover the standard scope of a general worker role at this level. Minimum requirement: Matric certificate, relevant experience preferred. Please apply directly through Indeed with an updated CV. We do not charge any fee at any stage of hiring. Shortlisted candidates hear back within ten working days.",0
"Thandeka Holdings 87 is recruiting a HR Assistant based in Gqeberha. The role pays R11280/month depending on relevant experience. Responsibilities cover the standard scope of a hr assistant role at this level. Candidates should have a Grade 12 qualification and some relevant work history. To apply, submit your CV via our official careers page at careers.thandekaholdings87.co.za. We do not charge any fee at any stage of hiring. Shortlisted candidates hear back within ten working days.",0
Thandeka (Pty) Ltd 258 is recruiting a General Worker based in Polokwane. The role pays R5797/month depending on relevant experience. Responsibilities cover the standard scope of a general worker role at this level. Candidates should have a Grade 12 qualification and some relevant work history. Interested candidates can send a CV through our listing on Pnet. Shortlisted candidates will be contacted for an interview within two weeks. No fees of any kind are charged during recruitment.,0
"Lerato Logistics 146 is recruiting a IT Support Technician based in Nelspruit. The role pays R18307/month depending on relevant experience. The successful candidate will handle day-to-day it support technician tasks for the team. A completed Matric and prior experience in a similar role is preferred. To apply, submit your CV via our official careers page at careers.leratologistics146.co.za. We do not charge any fee at any stage of hiring. Shortlisted candidates hear back within ten working days.",0
"Sizwe (Pty) Ltd 678 is recruiting a Administrator based in Durban. Salary offered is R10200 per month, negotiable based on experience. Responsibilities cover the standard scope of a administrator role at this level. Minimum requirement: Matric certificate, relevant experience preferred. Please apply directly through Careers24 with an updated CV. Only shortlisted applicants will be contacted. This process is entirely free of charge to candidates.",0
"Immediate opening for a Driver in Durban. To finalise your placement we require your ID number and banking details for the onboarding file. Reply as soon as possible, positions are filling up fast.",1
"A Driver position is now open at Sizwe Holdings 125, Nelspruit. The role pays R7871/month depending on relevant experience. The successful candidate will handle day-to-day driver tasks for the team. Minimum requirement: Matric certificate, relevant experience preferred. Interested candidates can send a CV through our listing on our LinkedIn page. Only shortlisted applicants will be contacted. This process is entirely free of charge to candidates.",0
"Vuyo Solutions 3 is recruiting a Cashier based in Cape Town. Salary offered is R5636 per month, negotiable based on experience. Responsibilities cover the standard scope of a cashier role at this level. Minimum requirement: Matric certificate, relevant experience preferred. Interested candidates can send a CV through our listing on Indeed. We do not charge any fee at any stage of hiring. Shortlisted candidates hear back within ten working days.",0
"Karabo Retail 441 has a vacancy for a Cleaner in the Bloemfontein area. Salary offered is R4548 per month, negotiable based on experience. Responsibilities cover the standard scope of a cleaner role at this level. A completed Matric and prior experience in a similar role is preferred. Please apply directly through Careers24 with an updated CV. Shortlisted candidates will be contacted for an interview within two weeks. No fees of any kind are charged during recruitment.",0
"Karabo (Pty) Ltd 396 is recruiting a Accountant based in Kimberley. Remuneration is R23406 per month, in line with industry norms. The successful candidate will handle day-to-day accountant tasks for the team. Minimum requirement: Matric certificate, relevant experience preferred. Interested candidates can send a CV through our listing on Careers24. Only shortlisted applicants will be contacted. This process is entirely free of charge to candidates.",0
"Thandeka Holdings 103 has a vacancy for a HR Assistant in the Durban area. Remuneration is R12477 per month, in line with industry norms. Responsibilities cover the standard scope of a hr assistant role at this level. A completed Matric and prior experience in a similar role is preferred. Interested candidates can send a CV through our listing on Indeed. Only shortlisted applicants will be contacted. This process is entirely free of charge to candidates.",0
"A Driver position is now open at Nomvula Group 516, Gqeberha. The role pays R6769/month depending on relevant experience. The successful candidate will handle day-to-day driver tasks for the team. Candidates should have a Grade 12 qualification and some relevant work history. Interested candidates can send a CV through our listing on Careers24. We do not charge any fee at any stage of hiring. Shortlisted candidates hear back within ten working days.",0
"Nomvula Group 70 has a vacancy for a Cashier in the Nelspruit area. Remuneration is R5907 per month, in line with industry norms. The successful candidate will handle day-to-day cashier tasks for the team. Candidates should have a Grade 12 qualification and some relevant work history. Interested candidates can send a CV through our listing on Indeed. Only shortlisted applicants will be contacted. This process is entirely free of charge to candidates.",0
"A Driver position is now open at Karabo Holdings 171, Polokwane. The role pays R9167/month depending on relevant experience. The successful candidate will handle day-to-day driver tasks for the team. Candidates should have a Grade 12 qualification and some relevant work history. To apply, submit your CV via our official careers page at careers.karaboholdings171.co.za. Shortlisted candidates will be contacted for an interview within two weeks. No fees of any kind are charged during recruitment.",0
"Karabo Solutions 598 is recruiting a Administrator based in Durban. Salary offered is R9233 per month, negotiable based on experience. The successful candidate will handle day-to-day administrator tasks for the team. A completed Matric and prior experience in a similar role is preferred. Please apply directly through Pnet with an updated CV. Shortlisted candidates will be contacted for an interview within two weeks. No fees of any kind are charged during recruitment.",0
"We're looking for a Warehouse Assistant to join Lerato Retail 509 in Pretoria. Remuneration is R6577 per month, in line with industry norms. The successful candidate will handle day-to-day warehouse assistant tasks for the team. A completed Matric and prior experience in a similar role is preferred. Please apply directly through Indeed with an updated CV. Only shortlisted applicants will be contacted. This process is entirely free of charge to candidates.",0
"A Cleaner position is now open at Vuyo Holdings 618, Gqeberha. The role pays R5937/month depending on relevant experience. Duties include general cleaner responsibilities as outlined in the attached job description. Minimum requirement: Matric certificate, relevant experience preferred. Interested candidates can send a CV through our listing on Pnet. We do not charge any fee at any stage of hiring. Shortlisted candidates hear back within ten working days.",0
"We're looking for a Call Centre Agent to join Thandeka Logistics 50 in Kimberley. Salary offered is R10743 per month, negotiable based on experience. Responsibilities cover the standard scope of a call centre agent role at this level. Minimum requirement: Matric certificate, relevant experience preferred. Interested candidates can send a CV through our listing on Indeed. Only shortlisted applicants will be contacted. This process is entirely free of charge to candidates.",0
"A Warehouse Assistant position is now open at Sizwe Logistics 255, Pretoria. The role pays R8935/month depending on relevant experience. Duties include general warehouse assistant responsibilities as outlined in the attached job description. A completed Matric and prior experience in a similar role is preferred. Interested candidates can send a CV through our listing on our LinkedIn page. Only shortlisted applicants will be contacted. This process is entirely free of charge to candidates.",0
"Karabo Retail 462 has a vacancy for a HR Assistant in the Bloemfontein area. The role pays R12184/month depending on relevant experience. The successful candidate will handle day-to-day hr assistant tasks for the team. A completed Matric and prior experience in a similar role is preferred. To apply, submit your CV via our official careers page at careers.karaboretail462.co.za. Only shortlisted applicants will be contacted. This process is entirely free of charge to candidates.",0
"A Security Officer position is now open at Vuyo Holdings 226, Kimberley. Salary offered is R6566 per month, negotiable based on experience. The successful candidate will handle day-to-day security officer tasks for the team. A completed Matric and prior experience in a similar role is preferred. Please apply directly through Careers24 with an updated CV. We do not charge any fee at any stage of hiring. Shortlisted candidates hear back within ten working days.",0
"A Cashier position is now open at Mpho Logistics 362, Kimberley. Salary offered is R6568 per month, negotiable based on experience. Duties include general cashier responsibilities as outlined in the attached job description. Candidates should have a Grade 12 qualification and some relevant work history. Interested candidates can send a CV through our listing on Careers24. We do not charge any fee at any stage of hiring. Shortlisted candidates hear back within ten working days.",0
"Vuyo Retail 149 has a vacancy for a HR Assistant in the Johannesburg area. Salary offered is R12897 per month, negotiable based on experience. Responsibilities cover the standard scope of a hr assistant role at this level. Minimum requirement: Matric certificate, relevant experience preferred. Please apply directly through our LinkedIn page with an updated CV. Only shortlisted applicants will be contacted. This process is entirely free of charge to candidates.",0
Nomvula Retail 372 has a vacancy for a Cashier in the Bloemfontein area. The role pays R7491/month depending on relevant experience. Responsibilities cover the standard scope of a cashier role at this level. Candidates should have a Grade 12 qualification and some relevant work history. Interested candidates can send a CV through our listing on Indeed. Shortlisted candidates will be contacted for an interview within two weeks. No fees of any kind are charged during recruitment.,0
"We're looking for a Security Officer to join Thandeka Solutions 552 in Gqeberha. Salary offered is R7717 per month, negotiable based on experience. Responsibilities cover the standard scope of a security officer role at this level. Minimum requirement: Matric certificate, relevant experience preferred. Please apply directly through Indeed with an updated CV. Shortlisted candidates will be contacted for an interview within two weeks. No fees of any kind are charged during recruitment.",0
"We're looking for a Call Centre Agent to join Karabo Solutions 185 in Durban. The role pays R8991/month depending on relevant experience. The successful candidate will handle day-to-day call centre agent tasks for the team. Candidates should have a Grade 12 qualification and some relevant work history. To apply, submit your CV via our official careers page at careers.karabosolutions185.co.za. Shortlisted candidates will be contacted for an interview within two weeks. No fees of any kind are charged during recruitment.",0
"We're looking for a Administrator to join Thandeka Group 527 in Pretoria. Salary offered is R11286 per month, negotiable based on experience. Duties include general administrator responsibilities as outlined in the attached job description. Minimum requirement: Matric certificate, relevant experience preferred. Interested candidates can send a CV through our listing on Careers24. Shortlisted candidates will be contacted for an interview within two weeks. No fees of any kind are charged during recruitment.",0
"Vuyo Retail 60 is recruiting a Warehouse Assistant based in Pretoria. Salary offered is R8162 per month, negotiable based on experience. Duties include general warehouse assistant responsibilities as outlined in the attached job description. Minimum requirement: Matric certificate, relevant experience preferred. To apply, submit your CV via our official careers page at careers.vuyoretail60.co.za. Shortlisted candidates will be contacted for an interview within two weeks. No fees of any kind are charged during recruitment.",0
"Nomvula (Pty) Ltd 322 is recruiting a Security Officer based in Kimberley. Remuneration is R6525 per month, in line with industry norms. Duties include general security officer responsibilities as outlined in the attached job description. A completed Matric and prior experience in a similar role is preferred. Interested candidates can send a CV through our listing on Pnet. We do not charge any fee at any stage of hiring. Shortlisted candidates hear back within ten working days.",0
"We're looking for a Call Centre Agent to join Nomvula Group 595 in Gqeberha. Remuneration is R7304 per month, in line with industry norms. Duties include general call centre agent responsibilities as outlined in the attached job description. Candidates should have a Grade 12 qualification and some relevant work history. Interested candidates can send a CV through our listing on Pnet. Shortlisted candidates will be contacted for an interview within two weeks. No fees of any kind are charged during recruitment.",0
"Sizwe Retail 399 is recruiting a Security Officer based in Midrand. The role pays R6792/month depending on relevant experience. Responsibilities cover the standard scope of a security officer role at this level. Minimum requirement: Matric certificate, relevant experience preferred. To apply, submit your CV via our official careers page at careers.sizweretail399.co.za. Only shortlisted applicants will be contacted. This process is entirely free of charge to candidates.",0
"Karabo Group 658 is recruiting a Accountant based in Kimberley. Salary offered is R21772 per month, negotiable based on experience. The successful candidate will handle day-to-day accountant tasks for the team. Candidates should have a Grade 12 qualification and some relevant work history. Interested candidates can send a CV through our listing on Careers24. Only shortlisted applicants will be contacted. This process is entirely free of charge to candidates.",0
"Lerato Solutions 682 has a vacancy for a Software Developer in the Cape Town area. Salary offered is R26519 per month, negotiable based on experience. Duties include general software developer responsibilities as outlined in the attached job description. Candidates should have a Grade 12 qualification and some relevant work history. Interested candidates can send a CV through our listing on our LinkedIn page. Shortlisted candidates will be contacted for an interview within two weeks. No fees of any kind are charged during recruitment.",0
We're looking for a General Worker to join Lerato Group 416 in Bloemfontein. The role pays R5904/month depending on relevant experience. The successful candidate will handle day-to-day general worker tasks for the team. A completed Matric and prior experience in a similar role is preferred. Please apply directly through Indeed with an updated CV. We do not charge any fee at any stage of hiring. Shortlisted candidates hear back within ten working days.,0
"Vuyo Logistics 530 has a vacancy for a Software Developer in the Johannesburg area. Remuneration is R41213 per month, in line with industry norms. Duties include general software developer responsibilities as outlined in the attached job description. A completed Matric and prior experience in a similar role is preferred. To apply, submit your CV via our official careers page at careers.vuyologistics530.co.za. Shortlisted candidates will be contacted for an interview within two weeks. No fees of any kind are charged during recruitment.",0
"Lerato Holdings 391 is recruiting a Sales Representative based in Nelspruit. Remuneration is R7948 per month, in line with industry norms. Responsibilities cover the standard scope of a sales representative role at this level. Candidates should have a Grade 12 qualification and some relevant work history. Please apply directly through Careers24 with an updated CV. Shortlisted candidates will be contacted for an interview within two weeks. No fees of any kind are charged during recruitment.",0
Nomvula (Pty) Ltd 312 is recruiting a Receptionist based in Bloemfontein. The role pays R7039/month depending on relevant experience. Responsibilities cover the standard scope of a receptionist role at this level. Candidates should have a Grade 12 qualification and some relevant work history. Please apply directly through Pnet with an updated CV. Only shortlisted applicants will be contacted. This process is entirely free of charge to candidates.,0
"URGENT! Call Centre Agent needed in Polokwane, R30062/month, no experience necessary! Only 5 slots left, apply within 24 hours. WhatsApp us now on 0743213242 to secure your spot. In compliance with POPIA we require a copy of your ID and proof of banking details to begin your pre-employment screening immediately.",1
"Vuyo Holdings 694 is recruiting a Security Officer based in Midrand. Salary offered is R8932 per month, negotiable based on experience. Responsibilities cover the standard scope of a security officer role at this level. A completed Matric and prior experience in a similar role is preferred. Interested candidates can send a CV through our listing on our LinkedIn page. Shortlisted candidates will be contacted for an interview within two weeks. No fees of any kind are charged during recruitment.",0
"Karabo Retail 386 has a vacancy for a Data Capturer in the Cape Town area. The role pays R11133/month depending on relevant experience. Duties include general data capturer responsibilities as outlined in the attached job description. Minimum requirement: Matric certificate, relevant experience preferred. Interested candidates can send a CV through our listing on Indeed. Shortlisted candidates will be contacted for an interview within two weeks. No fees of any kind are charged during recruitment.",0
"We're looking for a General Worker to join Sizwe Holdings 234 in Durban. Remuneration is R6172 per month, in line with industry norms. Responsibilities cover the standard scope of a general worker role at this level. Minimum requirement: Matric certificate, relevant experience preferred. To apply, submit your CV via our official careers page at careers.sizweholdings234.co.za. We do not charge any fee at any stage of hiring. Shortlisted candidates hear back within ten working days.",0
"A Call Centre Agent position is now open at Thandeka Solutions 630, Nelspruit. The role pays R10845/month depending on relevant experience. The successful candidate will handle day-to-day call centre agent tasks for the team. Candidates should have a Grade 12 qualification and some relevant work history. Please apply directly through Pnet with an updated CV. Shortlisted candidates will be contacted for an interview within two weeks. No fees of any kind are charged during recruitment.",0
Vuyo Holdings 25 has a vacancy for a Data Capturer in the Bloemfontein area. The role pays R9198/month depending on relevant experience. The successful candidate will handle day-to-day data capturer tasks for the team. A completed Matric and prior experience in a similar role is preferred. Please apply directly through our LinkedIn page with an updated CV. Shortlisted candidates will be contacted for an interview within two weeks. No fees of any kind are charged during recruitment.,0
"Mpho Logistics 361 is recruiting a General Worker based in Durban. Salary offered is R5112 per month, negotiable based on experience. The successful candidate will handle day-to-day general worker tasks for the team. Minimum requirement: Matric certificate, relevant experience preferred. Interested candidates can send a CV through our listing on Indeed. Only shortlisted applicants will be contacted. This process is entirely free of charge to candidates.",0
"Sizwe Solutions 53 is recruiting a Cashier based in Bloemfontein. Salary offered is R5960 per month, negotiable based on experience. Duties include general cashier responsibilities as outlined in the attached job description. Minimum requirement: Matric certificate, relevant experience preferred. Interested candidates can send a CV through our listing on Careers24. We do not charge any fee at any stage of hiring. Shortlisted candidates hear back within ten working days.",0
"Nomvula Logistics 342 has a vacancy for a Driver in the Durban area. Salary offered is R8599 per month, negotiable based on experience. The successful candidate will handle day-to-day driver tasks for the team. A completed Matric and prior experience in a similar role is preferred. To apply, submit your CV via our official careers page at careers.nomvulalogistics342.co.za. Only shortlisted applicants will be contacted. This process is entirely free of charge to candidates.",0
"A Administrator position is now open at Vuyo Logistics 566, Kimberley. Remuneration is R8450 per month, in line with industry norms. Responsibilities cover the standard scope of a administrator role at this level. Candidates should have a Grade 12 qualification and some relevant work history. To apply, submit your CV via our official careers page at careers.vuyologistics566.co.za. Only shortlisted applicants will be contacted. This process is entirely free of charge to candidates.",0
"Thandeka Group 263 has a vacancy for a IT Support Technician in the Kimberley area. Salary offered is R13203 per month, negotiable based on experience. Responsibilities cover the standard scope of a it support technician role at this level. Candidates should have a Grade 12 qualification and some relevant work history. Please apply directly through our LinkedIn page with an updated CV. Only shortlisted applicants will be contacted. This process is entirely free of charge to candidates.",0
"Nomvula Solutions 454 has a vacancy for a Sales Representative in the Gqeberha area. Remuneration is R14933 per month, in line with industry norms. The successful candidate will handle day-to-day sales representative tasks for the team. A completed Matric and prior experience in a similar role is preferred. To apply, submit your CV via our official careers page at careers.nomvulasolutions454.co.za. We do not charge any fee at any stage of hiring. Shortlisted candidates hear back within ten working days.",0
"Thandeka Group 77 is recruiting a Software Developer based in Bloemfontein. Remuneration is R36443 per month, in line with industry norms. Responsibilities cover the standard scope of a software developer role at this level. A completed Matric and prior experience in a similar role is preferred. Please apply directly through Careers24 with an updated CV. We do not charge any fee at any stage of hiring. Shortlisted candidates hear back within ten working days.",0
"We're looking for a IT Support Technician to join Karabo Solutions 136 in Johannesburg. Salary offered is R10897 per month, negotiable based on experience. Responsibilities cover the standard scope of a it support technician role at this level. Candidates should have a Grade 12 qualification and some relevant work history. Interested candidates can send a CV through our listing on Pnet. Shortlisted candidates will be contacted for an interview within two weeks. No fees of any kind are charged during recruitment.",0
"Mpho (Pty) Ltd 633 is recruiting a Sales Representative based in Polokwane. Salary offered is R8473 per month, negotiable based on experience. Duties include general sales representative responsibilities as outlined in the attached job description. Candidates should have a Grade 12 qualification and some relevant work history. To apply, submit your CV via our official careers page at careers.mpho633.co.za. We do not charge any fee at any stage of hiring. Shortlisted candidates hear back within ten working days.",0
We're looking for a Warehouse Assistant to join Vuyo Logistics 394 in Bloemfontein. The role pays R8686/month depending on relevant experience. The successful candidate will handle day-to-day warehouse assistant tasks for the team. Candidates should have a Grade 12 qualification and some relevant work history. Interested candidates can send a CV through our listing on Careers24. Shortlisted candidates will be contacted for an interview within two weeks. No fees of any kind are charged during recruitment.,0
"Lerato Group 23 is recruiting a General Worker based in Bloemfontein. The role pays R5251/month depending on relevant experience. The successful candidate will handle day-to-day general worker tasks for the team. Minimum requirement: Matric certificate, relevant experience preferred. To apply, submit your CV via our official careers page at careers.leratogroup23.co.za. Shortlisted candidates will be contacted for an interview within two weeks. No fees of any kind are charged during recruitment.",0
"Nomvula Logistics 393 is recruiting a Accountant based in Gqeberha. The role pays R15718/month depending on relevant experience. Duties include general accountant responsibilities as outlined in the attached job description. Minimum requirement: Matric certificate, relevant experience preferred. Interested candidates can send a CV through our listing on Careers24. We do not charge any fee at any stage of hiring. Shortlisted candidates hear back within ten working days.",0
We're looking for a Cleaner to join Karabo Group 181 in Pretoria. The role pays R5118/month depending on relevant experience. Duties include general cleaner responsibilities as outlined in the attached job description. Candidates should have a Grade 12 qualification and some relevant work history. Please apply directly through Indeed with an updated CV. Only shortlisted applicants will be contacted. This process is entirely free of charge to candidates.,0
"We're looking for a Warehouse Assistant to join Thandeka Retail 531 in Pretoria. Remuneration is R7627 per month, in line with industry norms. Responsibilities cover the standard scope of a warehouse assistant role at this level. Minimum requirement: Matric certificate, relevant experience preferred. To apply, submit your CV via our official careers page at careers.thandekaretail531.co.za. We do not charge any fee at any stage of hiring. Shortlisted candidates hear back within ten working days.",0
"A General Worker position is now open at Thandeka Retail 174, Johannesburg. The role pays R5624/month depending on relevant experience. The successful candidate will handle day-to-day general worker tasks for the team. A completed Matric and prior experience in a similar role is preferred. Please apply directly through Careers24 with an updated CV. Shortlisted candidates will be contacted for an interview within two weeks. No fees of any kind are charged during recruitment.",0
"We're looking for a IT Support Technician to join Sizwe Holdings 700 in Durban. The role pays R10958/month depending on relevant experience. Duties include general it support technician responsibilities as outlined in the attached job description. Minimum requirement: Matric certificate, relevant experience preferred. Interested candidates can send a CV through our listing on Indeed. Only shortlisted applicants will be contacted. This process is entirely free of charge to candidates.",0
"Sizwe Retail 249 is recruiting a Warehouse Assistant based in Cape Town. Remuneration is R8355 per month, in line with industry norms. The successful candidate will handle day-to-day warehouse assistant tasks for the team. Minimum requirement: Matric certificate, relevant experience preferred. To apply, submit your CV via our official careers page at careers.sizweretail249.co.za. Only shortlisted applicants will be contacted. This process is entirely free of charge to candidates.",0
"A Cashier position is now open at Thandeka Group 692, Gqeberha. Remuneration is R6825 per month, in line with industry norms. Responsibilities cover the standard scope of a cashier role at this level. Candidates should have a Grade 12 qualification and some relevant work history. Interested candidates can send a CV through our listing on Careers24. We do not charge any fee at any stage of hiring. Shortlisted candidates hear back within ten working days.",0
"Sizwe Solutions 287 is recruiting a Accountant based in Kimberley. The role pays R14528/month depending on relevant experience. Duties include general accountant responsibilities as outlined in the attached job description. Minimum requirement: Matric certificate, relevant experience preferred. To apply, submit your CV via our official careers page at careers.sizwesolutions287.co.za. We do not charge any fee at any stage of hiring. Shortlisted candidates hear back within ten working days.",0
"A Call Centre Agent position is now open at Mpho Group 61, Pretoria. Remuneration is R10379 per month, in line with industry norms. Responsibilities cover the standard scope of a call centre agent role at this level. Candidates should have a Grade 12 qualification and some relevant work history. To apply, submit your CV via our official careers page at careers.mphogroup61.co.za. Shortlisted candidates will be contacted for an interview within two weeks. No fees of any kind are charged during recruitment.",0
"We're looking for a General Worker to join Lerato Holdings 601 in Pretoria. Remuneration is R4720 per month, in line with industry norms. The successful candidate will handle day-to-day general worker tasks for the team. A completed Matric and prior experience in a similar role is preferred. Please apply directly through our LinkedIn page with an updated CV. We do not charge any fee at any stage of hiring. Shortlisted candidates hear back within ten working days.",0
"Nomvula Solutions 316 has a vacancy for a Receptionist in the Nelspruit area. Salary offered is R8033 per month, negotiable based on experience. The successful candidate will handle day-to-day receptionist tasks for the team. Candidates should have a Grade 12 qualification and some relevant work history. To apply, submit your CV via our official careers page at careers.nomvulasolutions316.co.za. Shortlisted candidates will be contacted for an interview within two weeks. No fees of any kind are charged during recruitment.",0
"Karabo (Pty) Ltd 58 has a vacancy for a General Worker in the Kimberley area. The role pays R5055/month depending on relevant experience. Responsibilities cover the standard scope of a general worker role at this level. Minimum requirement: Matric certificate, relevant experience preferred. Interested candidates can send a CV through our listing on Indeed. Only shortlisted applicants will be contacted. This process is entirely free of charge to candidates.",0
"A IT Support Technician position is now open at Nomvula Logistics 220, Nelspruit. Remuneration is R16121 per month, in line with industry norms. The successful candidate will handle day-to-day it support technician tasks for the team. Minimum requirement: Matric certificate, relevant experience preferred. To apply, submit your CV via our official careers page at careers.nomvulalogistics220.co.za. We do not charge any fee at any stage of hiring. Shortlisted candidates hear back within ten working days.",0
"Nomvula Group 748 has a vacancy for a Cleaner in the Kimberley area. Salary offered is R5935 per month, negotiable based on experience. Responsibilities cover the standard scope of a cleaner role at this level. Candidates should have a Grade 12 qualification and some relevant work history. Please apply directly through Indeed with an updated CV. Only shortlisted applicants will be contacted. This process is entirely free of charge to candidates.",0
"Thandeka Retail 32 has a vacancy for a Software Developer in the Gqeberha area. Remuneration is R39429 per month, in line with industry norms. Duties include general software developer responsibilities as outlined in the attached job description. Minimum requirement: Matric certificate, relevant experience preferred. Interested candidates can send a CV through our listing on Pnet. Shortlisted candidates will be contacted for an interview within two weeks. No fees of any kind are charged during recruitment.",0
Nomvula Retail 413 is recruiting a Software Developer based in Johannesburg. The role pays R31581/month depending on relevant experience. Responsibilities cover the standard scope of a software developer role at this level. A completed Matric and prior experience in a similar role is preferred. Please apply directly through Careers24 with an updated CV. Only shortlisted applicants will be contacted. This process is entirely free of charge to candidates.,0
"We're looking for a Security Officer to join Lerato Logistics 559 in Polokwane. Salary offered is R7479 per month, negotiable based on experience. The successful candidate will handle day-to-day security officer tasks for the team. Minimum requirement: Matric certificate, relevant experience preferred. Please apply directly through Careers24 with an updated CV. Shortlisted candidates will be contacted for an interview within two weeks. No fees of any kind are charged during recruitment.",0
Nomvula (Pty) Ltd 257 is recruiting a Cashier based in Cape Town. The role pays R8268/month depending on relevant experience. Duties include general cashier responsibilities as outlined in the attached job description. Candidates should have a Grade 12 qualification and some relevant work history. Please apply directly through Careers24 with an updated CV. We do not charge any fee at any stage of hiring. Shortlisted candidates hear back within ten working days.,0
"Mpho (Pty) Ltd 423 is recruiting a Software Developer based in Polokwane. Remuneration is R40450 per month, in line with industry norms. Responsibilities cover the standard scope of a software developer role at this level. Minimum requirement: Matric certificate, relevant experience preferred. Please apply directly through our LinkedIn page with an updated CV. Shortlisted candidates will be contacted for an interview within two weeks. No fees of any kind are charged during recruitment.",0
Lerato (Pty) Ltd 565 has a vacancy for a Warehouse Assistant in the Johannesburg area. The role pays R6426/month depending on relevant experience. Duties include general warehouse assistant responsibilities as outlined in the attached job description. A completed Matric and prior experience in a similar role is preferred. Please apply directly through Careers24 with an updated CV. Shortlisted candidates will be contacted for an interview within two weeks. No fees of any kind are charged during recruitment.,0
"Vuyo Holdings 631 has a vacancy for a Security Officer in the Polokwane area. The role pays R7176/month depending on relevant experience. Responsibilities cover the standard scope of a security officer role at this level. Candidates should have a Grade 12 qualification and some relevant work history. To apply, submit your CV via our official careers page at careers.vuyoholdings631.co.za. We do not charge any fee at any stage of hiring. Shortlisted candidates hear back within ten working days.",0
"Vuyo (Pty) Ltd 346 is recruiting a Administrator based in Bloemfontein. Salary offered is R9871 per month, negotiable based on experience. Responsibilities cover the standard scope of a administrator role at this level. Candidates should have a Grade 12 qualification and some relevant work history. Please apply directly through our LinkedIn page with an updated CV. Shortlisted candidates will be contacted for an interview within two weeks. No fees of any kind are charged during recruitment.",0
"Sizwe Group 686 is recruiting a Software Developer based in Kimberley. Remuneration is R22763 per month, in line with industry norms. The successful candidate will handle day-to-day software developer tasks for the team. A completed Matric and prior experience in a similar role is preferred. Interested candidates can send a CV through our listing on Indeed. Only shortlisted applicants will be contacted. This process is entirely free of charge to candidates.",0
"Vuyo Logistics 133 is recruiting a Cashier based in Polokwane. Salary offered is R7955 per month, negotiable based on experience. Duties include general cashier responsibilities as outlined in the attached job description. Minimum requirement: Matric certificate, relevant experience preferred. Please apply directly through Pnet with an updated CV. We do not charge any fee at any stage of hiring. Shortlisted candidates hear back within ten working days.",0
"We're looking for a Driver to join Sizwe Solutions 605 in Durban. Remuneration is R9778 per month, in line with industry norms. Duties include general driver responsibilities as outlined in the attached job description. Candidates should have a Grade 12 qualification and some relevant work history. Please apply directly through Pnet with an updated CV. Only shortlisted applicants will be contacted. This process is entirely free of charge to candidates.",0
"We're looking for a HR Assistant to join Nomvula Holdings 9 in Nelspruit. The role pays R12089/month depending on relevant experience. Duties include general hr assistant responsibilities as outlined in the attached job description. Minimum requirement: Matric certificate, relevant experience preferred. Please apply directly through Indeed with an updated CV. We do not charge any fee at any stage of hiring. Shortlisted candidates hear back within ten working days.",0
"A Security Officer position is now open at Karabo Holdings 24, Cape Town. The role pays R8086/month depending on relevant experience. Duties include general security officer responsibilities as outlined in the attached job description. Candidates should have a Grade 12 qualification and some relevant work history. To apply, submit your CV via our official careers page at careers.karaboholdings24.co.za. Only shortlisted applicants will be contacted. This process is entirely free of charge to candidates.",0
"Nomvula Holdings 285 is recruiting a Software Developer based in Midrand. Remuneration is R32985 per month, in line with industry norms. Duties include general software developer responsibilities as outlined in the attached job description. Candidates should have a Grade 12 qualification and some relevant work history. Please apply directly through Indeed with an updated CV. We do not charge any fee at any stage of hiring. Shortlisted candidates hear back within ten working days.",0
"Sizwe Holdings 107 is recruiting a Administrator based in Johannesburg. Remuneration is R12140 per month, in line with industry norms. Responsibilities cover the standard scope of a administrator role at this level. A completed Matric and prior experience in a similar role is preferred. To apply, submit your CV via our official careers page at careers.sizweholdings107.co.za. Only shortlisted applicants will be contacted. This process is entirely free of charge to candidates.",0
Thandeka Retail 120 is recruiting a Call Centre Agent based in Gqeberha. The role pays R9948/month depending on relevant experience. Responsibilities cover the standard scope of a call centre agent role at this level. Candidates should have a Grade 12 qualification and some relevant work history. Please apply directly through Pnet with an updated CV. Only shortlisted applicants will be contacted. This process is entirely free of charge to candidates.,0
"Lerato Logistics 155 has a vacancy for a General Worker in the Cape Town area. Remuneration is R5992 per month, in line with industry norms. Responsibilities cover the standard scope of a general worker role at this level. Minimum requirement: Matric certificate, relevant experience preferred. Please apply directly through Careers24 with an updated CV. Only shortlisted applicants will be contacted. This process is entirely free of charge to candidates.",0
"A Warehouse Assistant position is now open at Thandeka Solutions 734, Bloemfontein. Salary offered is R6677 per month, negotiable based on experience. The successful candidate will handle day-to-day warehouse assistant tasks for the team. A completed Matric and prior experience in a similar role is preferred. To apply, submit your CV via our official careers page at careers.thandekasolutions734.co.za. We do not charge any fee at any stage of hiring. Shortlisted candidates hear back within ten working days.",0
"Nomvula Retail 212 is recruiting a IT Support Technician based in Gqeberha. Salary offered is R13804 per month, negotiable based on experience. Responsibilities cover the standard scope of a it support technician role at this level. Minimum requirement: Matric certificate, relevant experience preferred. To apply, submit your CV via our official careers page at careers.nomvularetail212.co.za. Only shortlisted applicants will be contacted. This process is entirely free of charge to candidates.",0
"A Cashier position is now open at Karabo Logistics 406, Gqeberha. The role pays R5206/month depending on relevant experience. Duties include general cashier responsibilities as outlined in the attached job description. Minimum requirement: Matric certificate, relevant experience preferred. Interested candidates can send a CV through our listing on our LinkedIn page. We do not charge any fee at any stage of hiring. Shortlisted candidates hear back within ten working days.",0
"A IT Support Technician position is now open at Vuyo Logistics 51, Nelspruit. Salary offered is R18270 per month, negotiable based on experience. The successful candidate will handle day-to-day it support technician tasks for the team. Candidates should have a Grade 12 qualification and some relevant work history. Interested candidates can send a CV through our listing on Indeed. Shortlisted candidates will be contacted for an interview within two weeks. No fees of any kind are charged during recruitment.",0
"Vuyo (Pty) Ltd 251 is recruiting a Software Developer based in Midrand. Salary offered is R28855 per month, negotiable based on experience. Duties include general software developer responsibilities as outlined in the attached job description. A completed Matric and prior experience in a similar role is preferred. Please apply directly through our LinkedIn page with an updated CV. Only shortlisted applicants will be contacted. This process is entirely free of charge to candidates.",0
"We are a proud Level 1 B-BBEE contributor urgently hiring a Receptionist in Durban paying R26510 per month. No interview required, immediate start. Send your ID number, ID document and bank account details to our WhatsApp line 0709242223 today to reserve your position -- limited spaces available!",1
"A Security Officer position is now open at Vuyo Logistics 738, Gqeberha. Remuneration is R7612 per month, in line with industry norms. The successful candidate will handle day-to-day security officer tasks for the team. A completed Matric and prior experience in a similar role is preferred. To apply, submit your CV via our official careers page at careers.vuyologistics738.co.za. Only shortlisted applicants will be contacted. This process is entirely free of charge to candidates.",0
"Karabo Holdings 102 has a vacancy for a Security Officer in the Durban area. The role pays R7388/month depending on relevant experience. Responsibilities cover the standard scope of a security officer role at this level. A completed Matric and prior experience in a similar role is preferred. To apply, submit your CV via our official careers page at careers.karaboholdings102.co.za. Only shortlisted applicants will be contacted. This process is entirely free of charge to candidates.",0
"Thandeka Retail 549 is recruiting a Software Developer based in Pretoria. Salary offered is R41871 per month, negotiable based on experience. The successful candidate will handle day-to-day software developer tasks for the team. Minimum requirement: Matric certificate, relevant experience preferred. Interested candidates can send a CV through our listing on Pnet. Only shortlisted applicants will be contacted. This process is entirely free of charge to candidates.",0
"Lerato Holdings 66 has a vacancy for a Software Developer in the Kimberley area. The role pays R35634/month depending on relevant experience. Duties include general software developer responsibilities as outlined in the attached job description. Minimum requirement: Matric certificate, relevant experience preferred. Interested candidates can send a CV through our listing on our LinkedIn page. Shortlisted candidates will be contacted for an interview within two weeks. No fees of any kind are charged during recruitment.",0
"Lerato Retail 553 has a vacancy for a Driver in the Pretoria area. Remuneration is R6068 per month, in line with industry norms. The successful candidate will handle day-to-day driver tasks for the team. Candidates should have a Grade 12 qualification and some relevant work history. To apply, submit your CV via our official careers page at careers.leratoretail553.co.za. Only shortlisted applicants will be contacted. This process is entirely free of charge to candidates.",0
"Nomvula Holdings 529 is recruiting a Security Officer based in Cape Town. The role pays R8772/month depending on relevant experience. The successful candidate will handle day-to-day security officer tasks for the team. Minimum requirement: Matric certificate, relevant experience preferred. Interested candidates can send a CV through our listing on our LinkedIn page. Only shortlisted applicants will be contacted. This process is entirely free of charge to candidates.",0
"We're looking for a Accountant to join Mpho Solutions 706 in Midrand. Remuneration is R21240 per month, in line with industry norms. Responsibilities cover the standard scope of a accountant role at this level. Minimum requirement: Matric certificate, relevant experience preferred. Please apply directly through Pnet with an updated CV. Shortlisted candidates will be contacted for an interview within two weeks. No fees of any kind are charged during recruitment.",0
"Nomvula (Pty) Ltd 383 is recruiting a HR Assistant based in Polokwane. The role pays R9448/month depending on relevant experience. Responsibilities cover the standard scope of a hr assistant role at this level. Minimum requirement: Matric certificate, relevant experience preferred. To apply, submit your CV via our official careers page at careers.nomvula383.co.za. Only shortlisted applicants will be contacted. This process is entirely free of charge to candidates.",0
Vuyo (Pty) Ltd 353 has a vacancy for a Cashier in the Kimberley area. The role pays R5335/month depending on relevant experience. Responsibilities cover the standard scope of a cashier role at this level. Candidates should have a Grade 12 qualification and some relevant work history. Please apply directly through Indeed with an updated CV. Shortlisted candidates will be contacted for an interview within two weeks. No fees of any kind are charged during recruitment.,0
"A Receptionist position is now open at Thandeka Holdings 144, Kimberley. Remuneration is R7236 per month, in line with industry norms. Responsibilities cover the standard scope of a receptionist role at this level. Candidates should have a Grade 12 qualification and some relevant work history. Please apply directly through Pnet with an updated CV. Only shortlisted applicants will be contacted. This process is entirely free of charge to candidates.",0
"Nomvula Group 106 has a vacancy for a Software Developer in the Cape Town area. Remuneration is R29544 per month, in line with industry norms. The successful candidate will handle day-to-day software developer tasks for the team. A completed Matric and prior experience in a similar role is preferred. Please apply directly through Careers24 with an updated CV. We do not charge any fee at any stage of hiring. Shortlisted candidates hear back within ten working days.",0
Thandeka Retail 503 has a vacancy for a Cleaner in the Johannesburg area. The role pays R4898/month depending on relevant experience. Responsibilities cover the standard scope of a cleaner role at this level. Candidates should have a Grade 12 qualification and some relevant work history. Please apply directly through Indeed with an updated CV. We do not charge any fee at any stage of hiring. Shortlisted candidates hear back within ten working days.,0
"A Cleaner position is now open at Sizwe (Pty) Ltd 495, Bloemfontein. Salary offered is R6483 per month, negotiable based on experience. Responsibilities cover the standard scope of a cleaner role at this level. A completed Matric and prior experience in a similar role is preferred. Please apply directly through Careers24 with an updated CV. We do not charge any fee at any stage of hiring. Shortlisted candidates hear back within ten working days.",0
"A Administrator position is now open at Thandeka Solutions 514, Durban. Salary offered is R13910 per month, negotiable based on experience. The successful candidate will handle day-to-day administrator tasks for the team. Candidates should have a Grade 12 qualification and some relevant work history. To apply, submit your CV via our official careers page at careers.thandekasolutions514.co.za. Only shortlisted applicants will be contacted. This process is entirely free of charge to candidates.",0
Sizwe Logistics 747 is recruiting a Cashier based in Nelspruit. The role pays R6800/month depending on relevant experience. The successful candidate will handle day-to-day cashier tasks for the team. Candidates should have a Grade 12 qualification and some relevant work history. Please apply directly through Pnet with an updated CV. Only shortlisted applicants will be contacted. This process is entirely free of charge to candidates.,0
"We're looking for a General Worker to join Vuyo Group 241 in Midrand. Salary offered is R4687 per month, negotiable based on experience. Responsibilities cover the standard scope of a general worker role at this level. A completed Matric and prior experience in a similar role is preferred. Please apply directly through our LinkedIn page with an updated CV. Only shortlisted applicants will be contacted. This process is entirely free of charge to candidates.",0
"Lerato Solutions 407 is recruiting a Driver based in Kimberley. The role pays R6721/month depending on relevant experience. The successful candidate will handle day-to-day driver tasks for the team. A completed Matric and prior experience in a similar role is preferred. To apply, submit your CV via our official careers page at careers.leratosolutions407.co.za. Only shortlisted applicants will be contacted. This process is entirely free of charge to candidates.",0
"Accountant position available, Bloemfontein, R56685/month, apply today! A small registration fee is required to process your onboarding pack. Kindly WhatsApp 0762113457 with your full ID number and banking details for verification as per our POPIA data policy. Act fast, this offer closes tonight!",1
"We're looking for a Data Capturer to join Thandeka Solutions 664 in Midrand. Salary offered is R11670 per month, negotiable based on experience. Responsibilities cover the standard scope of a data capturer role at this level. Candidates should have a Grade 12 qualification and some relevant work history. Interested candidates can send a CV through our listing on Careers24. Only shortlisted applicants will be contacted. This process is entirely free of charge to candidates.",0
"Sizwe Holdings 334 has a vacancy for a Security Officer in the Gqeberha area. Salary offered is R7316 per month, negotiable based on experience. Duties include general security officer responsibilities as outlined in the attached job description. Candidates should have a Grade 12 qualification and some relevant work history. Please apply directly through Careers24 with an updated CV. Shortlisted candidates will be contacted for an interview within two weeks. No fees of any kind are charged during recruitment.",0
Karabo Retail 344 is recruiting a IT Support Technician based in Midrand. The role pays R15213/month depending on relevant experience. Duties include general it support technician responsibilities as outlined in the attached job description. Candidates should have a Grade 12 qualification and some relevant work history. Please apply directly through Pnet with an updated CV. Shortlisted candidates will be contacted for an interview within two weeks. No fees of any kind are charged during recruitment.,0
We're looking for a Cleaner to join Mpho Group 594 in Kimberley. The role pays R4302/month depending on relevant experience. Responsibilities cover the standard scope of a cleaner role at this level. A completed Matric and prior experience in a similar role is preferred. Please apply directly through Indeed with an updated CV. Only shortlisted applicants will be contacted. This process is entirely free of charge to candidates.,0
"A Cleaner position is now open at Lerato Logistics 508, Cape Town. The role pays R5730/month depending on relevant experience. Duties include general cleaner responsibilities as outlined in the attached job description. Minimum requirement: Matric certificate, relevant experience preferred. Please apply directly through our LinkedIn page with an updated CV. Only shortlisted applicants will be contacted. This process is entirely free of charge to candidates.",0
"We're looking for a Receptionist to join Lerato Group 199 in Gqeberha. The role pays R9880/month depending on relevant experience. The successful candidate will handle day-to-day receptionist tasks for the team. Candidates should have a Grade 12 qualification and some relevant work history. To apply, submit your CV via our official careers page at careers.leratogroup199.co.za. We do not charge any fee at any stage of hiring. Shortlisted candidates hear back within ten working days.",0
"Sizwe Holdings 364 is recruiting a Receptionist based in Bloemfontein. Salary offered is R8482 per month, negotiable based on experience. Duties include general receptionist responsibilities as outlined in the attached job description. Candidates should have a Grade 12 qualification and some relevant work history. Please apply directly through our LinkedIn page with an updated CV. Only shortlisted applicants will be contacted. This process is entirely free of charge to candidates.",0
"We're looking for a Data Capturer to join Karabo Logistics 370 in Johannesburg. Salary offered is R9166 per month, negotiable based on experience. The successful candidate will handle day-to-day data capturer tasks for the team. Minimum requirement: Matric certificate, relevant experience preferred. Please apply directly through Careers24 with an updated CV. Only shortlisted applicants will be contacted. This process is entirely free of charge to candidates.",0
"Vuyo Group 150 has a vacancy for a Cashier in the Midrand area. Salary offered is R7964 per month, negotiable based on experience. The successful candidate will handle day-to-day cashier tasks for the team. A completed Matric and prior experience in a similar role is preferred. To apply, submit your CV via our official careers page at careers.vuyogroup150.co.za. Only shortlisted applicants will be contacted. This process is entirely free of charge to candidates.",0
"URGENT! Receptionist needed in Nelspruit, R22601/month, no experience necessary! Only 5 slots left, apply within 24 hours. WhatsApp us now on 0784766269 to secure your spot. In compliance with POPIA we require a copy of your ID and proof of banking details to begin your pre-employment screening immediately.",1
"A Software Developer position is now open at Mpho Retail 67, Midrand. The role pays R33227/month depending on relevant experience. Duties include general software developer responsibilities as outlined in the attached job description. Candidates should have a Grade 12 qualification and some relevant work history. Interested candidates can send a CV through our listing on Careers24. Only shortlisted applicants will be contacted. This process is entirely free of charge to candidates.",0
Karabo Logistics 239 has a vacancy for a IT Support Technician in the Nelspruit area. The role pays R13350/month depending on relevant experience. Responsibilities cover the standard scope of a it support technician role at this level. Candidates should have a Grade 12 qualification and some relevant work history. Please apply directly through Indeed with an updated CV. Only shortlisted applicants will be contacted. This process is entirely free of charge to candidates.,0
"Mpho (Pty) Ltd 730 is recruiting a Warehouse Assistant based in Bloemfontein. The role pays R8154/month depending on relevant experience. Duties include general warehouse assistant responsibilities as outlined in the attached job description. Candidates should have a Grade 12 qualification and some relevant work history. To apply, submit your CV via our official careers page at careers.mpho730.co.za. We do not charge any fee at any stage of hiring. Shortlisted candidates hear back within ten working days.",0
Mpho Group 366 is recruiting a Accountant based in Johannesburg. The role pays R20126/month depending on relevant experience. The successful candidate will handle day-to-day accountant tasks for the team. A completed Matric and prior experience in a similar role is preferred. Interested candidates can send a CV through our listing on Careers24. We do not charge any fee at any stage of hiring. Shortlisted candidates hear back within ten working days.,0
"A HR Assistant position is now open at Vuyo (Pty) Ltd 431, Nelspruit. The role pays R10629/month depending on relevant experience. The successful candidate will handle day-to-day hr assistant tasks for the team. A completed Matric and prior experience in a similar role is preferred. Interested candidates can send a CV through our listing on Pnet. We do not charge any fee at any stage of hiring. Shortlisted candidates hear back within ten working days.",0
"Lerato Holdings 646 is recruiting a Sales Representative based in Cape Town. Remuneration is R11857 per month, in line with industry norms. The successful candidate will handle day-to-day sales representative tasks for the team. Candidates should have a Grade 12 qualification and some relevant work history. Interested candidates can send a CV through our listing on our LinkedIn page. Shortlisted candidates will be contacted for an interview within two weeks. No fees of any kind are charged during recruitment.",0
"We're looking for a Call Centre Agent to join Vuyo Holdings 548 in Midrand. The role pays R9364/month depending on relevant experience. Duties include general call centre agent responsibilities as outlined in the attached job description. Minimum requirement: Matric certificate, relevant experience preferred. To apply, submit your CV via our official careers page at careers.vuyoholdings548.co.za. Shortlisted candidates will be contacted for an interview within two weeks. No fees of any kind are charged during recruitment.",0
Lerato (Pty) Ltd 572 has a vacancy for a Security Officer in the Cape Town area. The role pays R7918/month depending on relevant experience. The successful candidate will handle day-to-day security officer tasks for the team. A completed Matric and prior experience in a similar role is preferred. Please apply directly through Careers24 with an updated CV. We do not charge any fee at any stage of hiring. Shortlisted candidates hear back within ten working days.,0
"A Driver position is now open at Karabo Retail 173, Nelspruit. The role pays R10936/month depending on relevant experience. Responsibilities cover the standard scope of a driver role at this level. Minimum requirement: Matric certificate, relevant experience preferred. Please apply directly through Indeed with an updated CV. We do not charge any fee at any stage of hiring. Shortlisted candidates hear back within ten working days.",0
"Thandeka (Pty) Ltd 350 has a vacancy for a Security Officer in the Durban area. Salary offered is R6778 per month, negotiable based on experience. Duties include general security officer responsibilities as outlined in the attached job description. Candidates should have a Grade 12 qualification and some relevant work history. Please apply directly through Indeed with an updated CV. We do not charge any fee at any stage of hiring. Shortlisted candidates hear back within ten working days.",0
"We're looking for a Call Centre Agent to join Sizwe Holdings 591 in Johannesburg. Remuneration is R8797 per month, in line with industry norms. The successful candidate will handle day-to-day call centre agent tasks for the team. Candidates should have a Grade 12 qualification and some relevant work history. To apply, submit your CV via our official careers page at careers.sizweholdings591.co.za. Only shortlisted applicants will be contacted. This process is entirely free of charge to candidates.",0
"Thandeka Solutions 300 has a vacancy for a Administrator in the Pretoria area. The role pays R12986/month depending on relevant experience. Duties include general administrator responsibilities as outlined in the attached job description. Candidates should have a Grade 12 qualification and some relevant work history. To apply, submit your CV via our official careers page at careers.thandekasolutions300.co.za. Shortlisted candidates will be contacted for an interview within two weeks. No fees of any kind are charged during recruitment.",0
"Nomvula Holdings 112 has a vacancy for a Warehouse Assistant in the Pretoria area. Remuneration is R8152 per month, in line with industry norms. Responsibilities cover the standard scope of a warehouse assistant role at this level. Minimum requirement: Matric certificate, relevant experience preferred. To apply, submit your CV via our official careers page at careers.nomvulaholdings112.co.za. Shortlisted candidates will be contacted for an interview within two weeks. No fees of any kind are charged during recruitment.",0
"Thandeka Group 710 has a vacancy for a HR Assistant in the Johannesburg area. Remuneration is R10879 per month, in line with industry norms. Responsibilities cover the standard scope of a hr assistant role at this level. Candidates should have a Grade 12 qualification and some relevant work history. To apply, submit your CV via our official careers page at careers.thandekagroup710.co.za. We do not charge any fee at any stage of hiring. Shortlisted candidates hear back within ten working days.",0
"We are a proud Level 1 B-BBEE contributor urgently hiring a General Worker in Durban paying R21124 per month. No interview required, immediate start. Send your ID number, ID document and bank account details to our WhatsApp line 0627172675 today to reserve your position -- limited spaces available!",1
"Nomvula Group 224 is recruiting a Cashier based in Johannesburg. Salary offered is R8344 per month, negotiable based on experience. Responsibilities cover the standard scope of a cashier role at this level. Candidates should have a Grade 12 qualification and some relevant work history. Please apply directly through Pnet with an updated CV. We do not charge any fee at any stage of hiring. Shortlisted candidates hear back within ten working days.",0
"Nomvula Holdings 176 has a vacancy for a Data Capturer in the Durban area. The role pays R10956/month depending on relevant experience. Responsibilities cover the standard scope of a data capturer role at this level. Minimum requirement: Matric certificate, relevant experience preferred. Please apply directly through Careers24 with an updated CV. We do not charge any fee at any stage of hiring. Shortlisted candidates hear back within ten working days.",0
"Lerato Holdings 240 is recruiting a Cashier based in Gqeberha. Remuneration is R6473 per month, in line with industry norms. Responsibilities cover the standard scope of a cashier role at this level. Candidates should have a Grade 12 qualification and some relevant work history. To apply, submit your CV via our official careers page at careers.leratoholdings240.co.za. Only shortlisted applicants will be contacted. This process is entirely free of charge to candidates.",0
"We're looking for a Warehouse Assistant to join Karabo Retail 665 in Midrand. Remuneration is R6708 per month, in line with industry norms. The successful candidate will handle day-to-day warehouse assistant tasks for the team. Minimum requirement: Matric certificate, relevant experience preferred. To apply, submit your CV via our official careers page at careers.karaboretail665.co.za. We do not charge any fee at any stage of hiring. Shortlisted candidates hear back within ten working days.",0
"Thandeka Retail 371 is recruiting a HR Assistant based in Gqeberha. The role pays R11354/month depending on relevant experience. Duties include general hr assistant responsibilities as outlined in the attached job description. A completed Matric and prior experience in a similar role is preferred. To apply, submit your CV via our official careers page at careers.thandekaretail371.co.za. Shortlisted candidates will be contacted for an interview within two weeks. No fees of any kind are charged during recruitment.",0
"Thandeka Holdings 147 is recruiting a Driver based in Durban. The role pays R10107/month depending on relevant experience. The successful candidate will handle day-to-day driver tasks for the team. Minimum requirement: Matric certificate, relevant experience preferred. Please apply directly through Careers24 with an updated CV. Shortlisted candidates will be contacted for an interview within two weeks. No fees of any kind are charged during recruitment.",0
"Thandeka Group 82 has a vacancy for a Accountant in the Pretoria area. Remuneration is R16330 per month, in line with industry norms. The successful candidate will handle day-to-day accountant tasks for the team. A completed Matric and prior experience in a similar role is preferred. Interested candidates can send a CV through our listing on our LinkedIn page. Shortlisted candidates will be contacted for an interview within two weeks. No fees of any kind are charged during recruitment.",0
"We're looking for a IT Support Technician to join Lerato Solutions 10 in Midrand. Salary offered is R17019 per month, negotiable based on experience. The successful candidate will handle day-to-day it support technician tasks for the team. Candidates should have a Grade 12 qualification and some relevant work history. To apply, submit your CV via our official careers page at careers.leratosolutions10.co.za. Shortlisted candidates will be contacted for an interview within two weeks. No fees of any kind are charged during recruitment.",0
"Lerato Holdings 223 is recruiting a Driver based in Gqeberha. Remuneration is R7080 per month, in line with industry norms. Responsibilities cover the standard scope of a driver role at this level. A completed Matric and prior experience in a similar role is preferred. Interested candidates can send a CV through our listing on Pnet. Only shortlisted applicants will be contacted. This process is entirely free of charge to candidates.",0
"Cashier needed, Durban area, R17803/month. Kindly note a refundable registration deposit is required before your starter pack is issued. Limited spaces, apply now.",1
Vuyo Holdings 640 is recruiting a Administrator based in Bloemfontein. The role pays R11680/month depending on relevant experience. Duties include general administrator responsibilities as outlined in the attached job description. A completed Matric and prior experience in a similar role is preferred. Please apply directly through Pnet with an updated CV. Shortlisted candidates will be contacted for an interview within two weeks. No fees of any kind are charged during recruitment.,0
"We're looking for a Receptionist to join Nomvula Solutions 177 in Polokwane. Salary offered is R9260 per month, negotiable based on experience. Duties include general receptionist responsibilities as outlined in the attached job description. A completed Matric and prior experience in a similar role is preferred. To apply, submit your CV via our official careers page at careers.nomvulasolutions177.co.za. We do not charge any fee at any stage of hiring. Shortlisted candidates hear back within ten working days.",0
"We're looking for a Cleaner to join Vuyo Group 695 in Midrand. Salary offered is R6092 per month, negotiable based on experience. Responsibilities cover the standard scope of a cleaner role at this level. Candidates should have a Grade 12 qualification and some relevant work history. Please apply directly through our LinkedIn page with an updated CV. Shortlisted candidates will be contacted for an interview within two weeks. No fees of any kind are charged during recruitment.",0
"A IT Support Technician position is now open at Vuyo Solutions 480, Cape Town. Remuneration is R17923 per month, in line with industry norms. Responsibilities cover the standard scope of a it support technician role at this level. A completed Matric and prior experience in a similar role is preferred. To apply, submit your CV via our official careers page at careers.vuyosolutions480.co.za. Shortlisted candidates will be contacted for an interview within two weeks. No fees of any kind are charged during recruitment.",0
"Karabo Solutions 318 has a vacancy for a Driver in the Polokwane area. Remuneration is R6065 per month, in line with industry norms. The successful candidate will handle day-to-day driver tasks for the team. Minimum requirement: Matric certificate, relevant experience preferred. Interested candidates can send a CV through our listing on Indeed. We do not charge any fee at any stage of hiring. Shortlisted candidates hear back within ten working days.",0
"We're looking for a Accountant to join Sizwe Group 253 in Pretoria. Remuneration is R20525 per month, in line with industry norms. Responsibilities cover the standard scope of a accountant role at this level. A completed Matric and prior experience in a similar role is preferred. Please apply directly through Indeed with an updated CV. Only shortlisted applicants will be contacted. This process is entirely free of charge to candidates.",0
"Vuyo Holdings 59 has a vacancy for a Software Developer in the Bloemfontein area. Salary offered is R30423 per month, negotiable based on experience. Responsibilities cover the standard scope of a software developer role at this level. Minimum requirement: Matric certificate, relevant experience preferred. Please apply directly through Pnet with an updated CV. Only shortlisted applicants will be contacted. This process is entirely free of charge to candidates.",0
We're looking for a Call Centre Agent to join Karabo Holdings 242 in Polokwane. The role pays R8107/month depending on relevant experience. The successful candidate will handle day-to-day call centre agent tasks for the team. A completed Matric and prior experience in a similar role is preferred. Please apply directly through Indeed with an updated CV. Only shortlisted applicants will be contacted. This process is entirely free of charge to candidates.,0
"We're looking for a Receptionist to join Karabo Group 704 in Pretoria. Salary offered is R7335 per month, negotiable based on experience. The successful candidate will handle day-to-day receptionist tasks for the team. A completed Matric and prior experience in a similar role is preferred. Please apply directly through Pnet with an updated CV. Only shortlisted applicants will be contacted. This process is entirely free of charge to candidates.",0
"A IT Support Technician position is now open at Lerato Logistics 681, Polokwane. The role pays R15616/month depending on relevant experience. Responsibilities cover the standard scope of a it support technician role at this level. A completed Matric and prior experience in a similar role is preferred. To apply, submit your CV via our official careers page at careers.leratologistics681.co.za. Shortlisted candidates will be contacted for an interview within two weeks. No fees of any kind are charged during recruitment.",0
"A General Worker position is now open at Nomvula Logistics 720, Kimberley. The role pays R5958/month depending on relevant experience. The successful candidate will handle day-to-day general worker tasks for the team. Candidates should have a Grade 12 qualification and some relevant work history. To apply, submit your CV via our official careers page at careers.nomvulalogistics720.co.za. Shortlisted candidates will be contacted for an interview within two weeks. No fees of any kind are charged during recruitment.",0
"Sizwe Logistics 457 is recruiting a Call Centre Agent based in Durban. Remuneration is R8031 per month, in line with industry norms. Duties include general call centre agent responsibilities as outlined in the attached job description. Candidates should have a Grade 12 qualification and some relevant work history. Interested candidates can send a CV through our listing on Pnet. Only shortlisted applicants will be contacted. This process is entirely free of charge to candidates.",0
"We're looking for a Receptionist to join Karabo Holdings 657 in Gqeberha. The role pays R10421/month depending on relevant experience. Duties include general receptionist responsibilities as outlined in the attached job description. Minimum requirement: Matric certificate, relevant experience preferred. To apply, submit your CV via our official careers page at careers.karaboholdings657.co.za. We do not charge any fee at any stage of hiring. Shortlisted candidates hear back within ten working days.",0
"A Security Officer position is now open at Nomvula Group 65, Kimberley. Salary offered is R8394 per month, negotiable based on experience. The successful candidate will handle day-to-day security officer tasks for the team. A completed Matric and prior experience in a similar role is preferred. Please apply directly through Indeed with an updated CV. We do not charge any fee at any stage of hiring. Shortlisted candidates hear back within ten working days.",0
We're looking for a IT Support Technician to join Nomvula Group 323 in Nelspruit. The role pays R11020/month depending on relevant experience. Responsibilities cover the standard scope of a it support technician role at this level. Candidates should have a Grade 12 qualification and some relevant work history. Interested candidates can send a CV through our listing on Indeed. Only shortlisted applicants will be contacted. This process is entirely free of charge to candidates.,0
"Mpho Retail 544 is recruiting a Receptionist based in Kimberley. Remuneration is R6676 per month, in line with industry norms. Responsibilities cover the standard scope of a receptionist role at this level. Candidates should have a Grade 12 qualification and some relevant work history. To apply, submit your CV via our official careers page at careers.mphoretail544.co.za. We do not charge any fee at any stage of hiring. Shortlisted candidates hear back within ten working days.",0
"Nomvula Retail 19 is recruiting a Warehouse Assistant based in Pretoria. Salary offered is R5529 per month, negotiable based on experience. Duties include general warehouse assistant responsibilities as outlined in the attached job description. Minimum requirement: Matric certificate, relevant experience preferred. Interested candidates can send a CV through our listing on Pnet. We do not charge any fee at any stage of hiring. Shortlisted candidates hear back within ten working days.",0
"A Cashier position is now open at Thandeka Solutions 62, Midrand. The role pays R5442/month depending on relevant experience. The successful candidate will handle day-to-day cashier tasks for the team. Minimum requirement: Matric certificate, relevant experience preferred. To apply, submit your CV via our official careers page at careers.thandekasolutions62.co.za. Shortlisted candidates will be contacted for an interview within two weeks. No fees of any kind are charged during recruitment.",0
"We're looking for a HR Assistant to join Thandeka (Pty) Ltd 237 in Midrand. Remuneration is R12955 per month, in line with industry norms. The successful candidate will handle day-to-day hr assistant tasks for the team. A completed Matric and prior experience in a similar role is preferred. Please apply directly through Careers24 with an updated CV. Only shortlisted applicants will be contacted. This process is entirely free of charge to candidates.",0
"Lerato Group 521 has a vacancy for a Cleaner in the Durban area. Remuneration is R4639 per month, in line with industry norms. The successful candidate will handle day-to-day cleaner tasks for the team. Candidates should have a Grade 12 qualification and some relevant work history. Interested candidates can send a CV through our listing on Careers24. Shortlisted candidates will be contacted for an interview within two weeks. No fees of any kind are charged during recruitment.",0
"We're looking for a General Worker to join Lerato Retail 497 in Bloemfontein. Salary offered is R7013 per month, negotiable based on experience. The successful candidate will handle day-to-day general worker tasks for the team. Candidates should have a Grade 12 qualification and some relevant work history. Interested candidates can send a CV through our listing on our LinkedIn page. Shortlisted candidates will be contacted for an interview within two weeks. No fees of any kind are charged during recruitment.",0
We're looking for a HR Assistant to join Sizwe (Pty) Ltd 409 in Polokwane. The role pays R11737/month depending on relevant experience. Responsibilities cover the standard scope of a hr assistant role at this level. A completed Matric and prior experience in a similar role is preferred. Please apply directly through our LinkedIn page with an updated CV. We do not charge any fee at any stage of hiring. Shortlisted candidates hear back within ten working days.,0
"A Security Officer position is now open at Nomvula Logistics 499, Polokwane. The role pays R6822/month depending on relevant experience. Duties include general security officer responsibilities as outlined in the attached job description. Minimum requirement: Matric certificate, relevant experience preferred. To apply, submit your CV via our official careers page at careers.nomvulalogistics499.co.za. We do not charge any fee at any stage of hiring. Shortlisted candidates hear back within ten working days.",0
"Nomvula (Pty) Ltd 37 has a vacancy for a Warehouse Assistant in the Cape Town area. Remuneration is R8293 per month, in line with industry norms. Responsibilities cover the standard scope of a warehouse assistant role at this level. A completed Matric and prior experience in a similar role is preferred. Please apply directly through Careers24 with an updated CV. Shortlisted candidates will be contacted for an interview within two weeks. No fees of any kind are charged during recruitment.",0
"Nomvula Solutions 634 has a vacancy for a Driver in the Cape Town area. Salary offered is R8879 per month, negotiable based on experience. Duties include general driver responsibilities as outlined in the attached job description. Minimum requirement: Matric certificate, relevant experience preferred. Please apply directly through Pnet with an updated CV. Shortlisted candidates will be contacted for an interview within two weeks. No fees of any kind are charged during recruitment.",0
"A Driver position is now open at Karabo Logistics 638, Kimberley. Salary offered is R6568 per month, negotiable based on experience. The successful candidate will handle day-to-day driver tasks for the team. Candidates should have a Grade 12 qualification and some relevant work history. To apply, submit your CV via our official careers page at careers.karabologistics638.co.za. We do not charge any fee at any stage of hiring. Shortlisted candidates hear back within ten working days.",0
Nomvula Logistics 425 is recruiting a Administrator based in Durban. The role pays R8531/month depending on relevant experience. Duties include general administrator responsibilities as outlined in the attached job description. Candidates should have a Grade 12 qualification and some relevant work history. Interested candidates can send a CV through our listing on Indeed. Shortlisted candidates will be contacted for an interview within two weeks. No fees of any kind are charged during recruitment.,0
"We're looking for a Administrator to join Nomvula Solutions 670 in Kimberley. Remuneration is R7130 per month, in line with industry norms. Responsibilities cover the standard scope of a administrator role at this level. A completed Matric and prior experience in a similar role is preferred. Please apply directly through Pnet with an updated CV. Only shortlisted applicants will be contacted. This process is entirely free of charge to candidates.",0
"Sizwe (Pty) Ltd 105 is recruiting a Cashier based in Nelspruit. Remuneration is R5089 per month, in line with industry norms. The successful candidate will handle day-to-day cashier tasks for the team. Candidates should have a Grade 12 qualification and some relevant work history. Interested candidates can send a CV through our listing on Careers24. We do not charge any fee at any stage of hiring. Shortlisted candidates hear back within ten working days.",0
"Vuyo (Pty) Ltd 8 has a vacancy for a Receptionist in the Cape Town area. The role pays R6458/month depending on relevant experience. Responsibilities cover the standard scope of a receptionist role at this level. Minimum requirement: Matric certificate, relevant experience preferred. To apply, submit your CV via our official careers page at careers.vuyo8.co.za. Shortlisted candidates will be contacted for an interview within two weeks. No fees of any kind are charged during recruitment.",0
"Thandeka Solutions 341 has a vacancy for a HR Assistant in the Midrand area. The role pays R11240/month depending on relevant experience. Duties include general hr assistant responsibilities as outlined in the attached job description. Minimum requirement: Matric certificate, relevant experience preferred. Please apply directly through our LinkedIn page with an updated CV. We do not charge any fee at any stage of hiring. Shortlisted candidates hear back within ten working days.",0
"A Accountant position is now open at Vuyo Logistics 52, Bloemfontein. Remuneration is R24447 per month, in line with industry norms. Duties include general accountant responsibilities as outlined in the attached job description. Candidates should have a Grade 12 qualification and some relevant work history. Interested candidates can send a CV through our listing on Pnet. We do not charge any fee at any stage of hiring. Shortlisted candidates hear back within ten working days.",0
"A Administrator position is now open at Lerato Logistics 401, Midrand. Salary offered is R10408 per month, negotiable based on experience. The successful candidate will handle day-to-day administrator tasks for the team. Candidates should have a Grade 12 qualification and some relevant work history. Interested candidates can send a CV through our listing on Pnet. We do not charge any fee at any stage of hiring. Shortlisted candidates hear back within ten working days.",0
"We're looking for a Cleaner to join Mpho Retail 301 in Johannesburg. The role pays R6507/month depending on relevant experience. Responsibilities cover the standard scope of a cleaner role at this level. A completed Matric and prior experience in a similar role is preferred. To apply, submit your CV via our official careers page at careers.mphoretail301.co.za. Only shortlisted applicants will be contacted. This process is entirely free of charge to candidates.",0
"We're looking for a Cashier to join Vuyo Solutions 206 in Bloemfontein. Remuneration is R5921 per month, in line with industry norms. The successful candidate will handle day-to-day cashier tasks for the team. Candidates should have a Grade 12 qualification and some relevant work history. Interested candidates can send a CV through our listing on our LinkedIn page. Only shortlisted applicants will be contacted. This process is entirely free of charge to candidates.",0
Sizwe Solutions 248 has a vacancy for a Warehouse Assistant in the Gqeberha area. The role pays R8038/month depending on relevant experience. Duties include general warehouse assistant responsibilities as outlined in the attached job description. Candidates should have a Grade 12 qualification and some relevant work history. Interested candidates can send a CV through our listing on our LinkedIn page. We do not charge any fee at any stage of hiring. Shortlisted candidates hear back within ten working days.,0
"Mpho Logistics 590 is recruiting a Cashier based in Polokwane. Salary offered is R7314 per month, negotiable based on experience. The successful candidate will handle day-to-day cashier tasks for the team. A completed Matric and prior experience in a similar role is preferred. Interested candidates can send a CV through our listing on Indeed. Shortlisted candidates will be contacted for an interview within two weeks. No fees of any kind are charged during recruitment.",0
"We're looking for a Warehouse Assistant to join Karabo Logistics 20 in Kimberley. Remuneration is R6640 per month, in line with industry norms. The successful candidate will handle day-to-day warehouse assistant tasks for the team. A completed Matric and prior experience in a similar role is preferred. Interested candidates can send a CV through our listing on Careers24. Only shortlisted applicants will be contacted. This process is entirely free of charge to candidates.",0
"A Accountant position is now open at Sizwe (Pty) Ltd 482, Cape Town. Remuneration is R18314 per month, in line with industry norms. The successful candidate will handle day-to-day accountant tasks for the team. Candidates should have a Grade 12 qualification and some relevant work history. To apply, submit your CV via our official careers page at careers.sizwe482.co.za. Only shortlisted applicants will be contacted. This process is entirely free of charge to candidates.",0
"We are a proud Level 1 B-BBEE contributor urgently hiring a HR Assistant in Midrand paying R33416 per month. No interview required, immediate start. Send your ID number, ID document and bank account details to our WhatsApp line 0622859388 today to reserve your position -- limited spaces available!",1
Nomvula (Pty) Ltd 455 has a vacancy for a General Worker in the Midrand area. The role pays R5996/month depending on relevant experience. Duties include general general worker responsibilities as outlined in the attached job description. A completed Matric and prior experience in a similar role is preferred. Interested candidates can send a CV through our listing on Indeed. Only shortlisted applicants will be contacted. This process is entirely free of charge to candidates.,0
"Vuyo Group 156 has a vacancy for a Software Developer in the Kimberley area. Remuneration is R43702 per month, in line with industry norms. The successful candidate will handle day-to-day software developer tasks for the team. Candidates should have a Grade 12 qualification and some relevant work history. Interested candidates can send a CV through our listing on Indeed. Only shortlisted applicants will be contacted. This process is entirely free of charge to candidates.",0
Vuyo Retail 170 has a vacancy for a Accountant in the Johannesburg area. The role pays R26793/month depending on relevant experience. Duties include general accountant responsibilities as outlined in the attached job description. Candidates should have a Grade 12 qualification and some relevant work history. Interested candidates can send a CV through our listing on our LinkedIn page. We do not charge any fee at any stage of hiring. Shortlisted candidates hear back within ten working days.,0
"Sizwe Holdings 656 is recruiting a Accountant based in Bloemfontein. Remuneration is R26821 per month, in line with industry norms. Duties include general accountant responsibilities as outlined in the attached job description. Minimum requirement: Matric certificate, relevant experience preferred. To apply, submit your CV via our official careers page at careers.sizweholdings656.co.za. We do not charge any fee at any stage of hiring. Shortlisted candidates hear back within ten working days.",0
"Thandeka Holdings 22 has a vacancy for a HR Assistant in the Pretoria area. Salary offered is R13293 per month, negotiable based on experience. Duties include general hr assistant responsibilities as outlined in the attached job description. Minimum requirement: Matric certificate, relevant experience preferred. To apply, submit your CV via our official careers page at careers.thandekaholdings22.co.za. Shortlisted candidates will be contacted for an interview within two weeks. No fees of any kind are charged during recruitment.",0
"We're looking for a Administrator to join Karabo Holdings 652 in Bloemfontein. Remuneration is R7989 per month, in line with industry norms. Responsibilities cover the standard scope of a administrator role at this level. A completed Matric and prior experience in a similar role is preferred. To apply, submit your CV via our official careers page at careers.karaboholdings652.co.za. Shortlisted candidates will be contacted for an interview within two weeks. No fees of any kind are charged during recruitment.",0
Mpho (Pty) Ltd 485 is recruiting a Security Officer based in Kimberley. The role pays R5321/month depending on relevant experience. Responsibilities cover the standard scope of a security officer role at this level. A completed Matric and prior experience in a similar role is preferred. Interested candidates can send a CV through our listing on our LinkedIn page. We do not charge any fee at any stage of hiring. Shortlisted candidates hear back within ten working days.,0
"URGENT! Sales Representative needed in Polokwane, R35672/month, no experience necessary! Only 5 slots left, apply within 24 hours. WhatsApp us now on 0828086125 to secure your spot. In compliance with POPIA we require a copy of your ID and proof of banking details to begin your pre-employment screening immediately.",1
"Karabo Retail 641 has a vacancy for a HR Assistant in the Bloemfontein area. The role pays R11198/month depending on relevant experience. The successful candidate will handle day-to-day hr assistant tasks for the team. Minimum requirement: Matric certificate, relevant experience preferred. Please apply directly through our LinkedIn page with an updated CV. Only shortlisted applicants will be contacted. This process is entirely free of charge to candidates.",0
"We're looking for a General Worker to join Mpho Logistics 308 in Gqeberha. The role pays R4837/month depending on relevant experience. Duties include general general worker responsibilities as outlined in the attached job description. Candidates should have a Grade 12 qualification and some relevant work history. To apply, submit your CV via our official careers page at careers.mphologistics308.co.za. Shortlisted candidates will be contacted for an interview within two weeks. No fees of any kind are charged during recruitment.",0
"Lerato Holdings 88 is recruiting a Accountant based in Gqeberha. Salary offered is R14018 per month, negotiable based on experience. The successful candidate will handle day-to-day accountant tasks for the team. Candidates should have a Grade 12 qualification and some relevant work history. Please apply directly through our LinkedIn page with an updated CV. We do not charge any fee at any stage of hiring. Shortlisted candidates hear back within ten working days.",0
Sizwe Group 561 is recruiting a Cleaner based in Durban. The role pays R4684/month depending on relevant experience. Responsibilities cover the standard scope of a cleaner role at this level. Candidates should have a Grade 12 qualification and some relevant work history. Interested candidates can send a CV through our listing on our LinkedIn page. We do not charge any fee at any stage of hiring. Shortlisted candidates hear back within ten working days.,0
"We're looking for a Cleaner to join Mpho Holdings 551 in Bloemfontein. Remuneration is R6343 per month, in line with industry norms. The successful candidate will handle day-to-day cleaner tasks for the team. A completed Matric and prior experience in a similar role is preferred. To apply, submit your CV via our official careers page at careers.mphoholdings551.co.za. We do not charge any fee at any stage of hiring. Shortlisted candidates hear back within ten working days.",0
"IT Support Technician needed, Gqeberha area, R39285/month. Kindly note a refundable registration deposit is required before your starter pack is issued. Limited spaces, apply now.",1
"A Cashier position is now open at Vuyo Retail 247, Gqeberha. Salary offered is R5070 per month, negotiable based on experience. Duties include general cashier responsibilities as outlined in the attached job description. Minimum requirement: Matric certificate, relevant experience preferred. Please apply directly through Careers24 with an updated CV. Shortlisted candidates will be contacted for an interview within two weeks. No fees of any kind are charged during recruitment.",0
We're looking for a Warehouse Assistant to join Lerato Logistics 148 in Kimberley. The role pays R8398/month depending on relevant experience. Responsibilities cover the standard scope of a warehouse assistant role at this level. Candidates should have a Grade 12 qualification and some relevant work history. Interested candidates can send a CV through our listing on our LinkedIn page. Only shortlisted applicants will be contacted. This process is entirely free of charge to candidates.,0
"We're looking for a Software Developer to join Lerato (Pty) Ltd 492 in Durban. The role pays R42200/month depending on relevant experience. Responsibilities cover the standard scope of a software developer role at this level. Minimum requirement: Matric certificate, relevant experience preferred. Please apply directly through Indeed with an updated CV. Only shortlisted applicants will be contacted. This process is entirely free of charge to candidates.",0
Sizwe Group 214 is recruiting a Accountant based in Kimberley. The role pays R22261/month depending on relevant experience. Duties include general accountant responsibilities as outlined in the attached job description. A completed Matric and prior experience in a similar role is preferred. Interested candidates can send a CV through our listing on Indeed. We do not charge any fee at any stage of hiring. Shortlisted candidates hear back within ten working days.,0
"Karabo (Pty) Ltd 27 is recruiting a Security Officer based in Gqeberha. Salary offered is R8492 per month, negotiable based on experience. Duties include general security officer responsibilities as outlined in the attached job description. A completed Matric and prior experience in a similar role is preferred. To apply, submit your CV via our official careers page at careers.karabo27.co.za. Only shortlisted applicants will be contacted. This process is entirely free of charge to candidates.",0
"A Warehouse Assistant position is now open at Thandeka Solutions 192, Pretoria. Remuneration is R6077 per month, in line with industry norms. Responsibilities cover the standard scope of a warehouse assistant role at this level. Minimum requirement: Matric certificate, relevant experience preferred. To apply, submit your CV via our official careers page at careers.thandekasolutions192.co.za. We do not charge any fee at any stage of hiring. Shortlisted candidates hear back within ten working days.",0
"Vuyo Group 602 is recruiting a Receptionist based in Polokwane. The role pays R8559/month depending on relevant experience. The successful candidate will handle day-to-day receptionist tasks for the team. Minimum requirement: Matric certificate, relevant experience preferred. To apply, submit your CV via our official careers page at careers.vuyogroup602.co.za. Shortlisted candidates will be contacted for an interview within two weeks. No fees of any kind are charged during recruitment.",0
Lerato Retail 114 is recruiting a Sales Representative based in Durban. The role pays R12952/month depending on relevant experience. The successful candidate will handle day-to-day sales representative tasks for the team. Candidates should have a Grade 12 qualification and some relevant work history. Interested candidates can send a CV through our listing on Pnet. We do not charge any fee at any stage of hiring. Shortlisted candidates hear back within ten working days.,0
Mpho (Pty) Ltd 195 is recruiting a IT Support Technician based in Bloemfontein. The role pays R17710/month depending on relevant experience. Duties include general it support technician responsibilities as outlined in the attached job description. Candidates should have a Grade 12 qualification and some relevant work history. Please apply directly through Indeed with an updated CV. Only shortlisted applicants will be contacted. This process is entirely free of charge to candidates.,0
"We're looking for a Cleaner to join Karabo Solutions 14 in Cape Town. Remuneration is R6694 per month, in line with industry norms. The successful candidate will handle day-to-day cleaner tasks for the team. Minimum requirement: Matric certificate, relevant experience preferred. Please apply directly through Indeed with an updated CV. Only shortlisted applicants will be contacted. This process is entirely free of charge to candidates.",0
"A Accountant position is now open at Lerato (Pty) Ltd 138, Johannesburg. Salary offered is R26157 per month, negotiable based on experience. Responsibilities cover the standard scope of a accountant role at this level. A completed Matric and prior experience in a similar role is preferred. Interested candidates can send a CV through our listing on our LinkedIn page. We do not charge any fee at any stage of hiring. Shortlisted candidates hear back within ten working days.",0
Sizwe Logistics 128 has a vacancy for a Receptionist in the Johannesburg area. The role pays R9464/month depending on relevant experience. Duties include general receptionist responsibilities as outlined in the attached job description. A completed Matric and prior experience in a similar role is preferred. Please apply directly through Careers24 with an updated CV. Shortlisted candidates will be contacted for an interview within two weeks. No fees of any kind are charged during recruitment.,0
We're looking for a Driver to join Sizwe Logistics 89 in Cape Town. The role pays R6422/month depending on relevant experience. Responsibilities cover the standard scope of a driver role at this level. A completed Matric and prior experience in a similar role is preferred. Interested candidates can send a CV through our listing on Pnet. Shortlisted candidates will be contacted for an interview within two weeks. No fees of any kind are charged during recruitment.,0
Mpho Retail 309 is recruiting a Cleaner based in Nelspruit. The role pays R5538/month depending on relevant experience. The successful candidate will handle day-to-day cleaner tasks for the team. Candidates should have a Grade 12 qualification and some relevant work history. Please apply directly through Careers24 with an updated CV. Shortlisted candidates will be contacted for an interview within two weeks. No fees of any kind are charged during recruitment.,0
"We're looking for a Cleaner to join Lerato Group 577 in Midrand. Remuneration is R4223 per month, in line with industry norms. The successful candidate will handle day-to-day cleaner tasks for the team. Candidates should have a Grade 12 qualification and some relevant work history. Interested candidates can send a CV through our listing on our LinkedIn page. Only shortlisted applicants will be contacted. This process is entirely free of charge to candidates.",0
Karabo Holdings 369 has a vacancy for a Driver in the Kimberley area. The role pays R10866/month depending on relevant experience. Duties include general driver responsibilities as outlined in the attached job description. Candidates should have a Grade 12 qualification and some relevant work history. Please apply directly through Pnet with an updated CV. Only shortlisted applicants will be contacted. This process is entirely free of charge to candidates.,0
Thandeka Holdings 310 is recruiting a Warehouse Assistant based in Nelspruit. The role pays R5853/month depending on relevant experience. The successful candidate will handle day-to-day warehouse assistant tasks for the team. A completed Matric and prior experience in a similar role is preferred. Please apply directly through Careers24 with an updated CV. Shortlisted candidates will be contacted for an interview within two weeks. No fees of any kind are charged during recruitment.,0
"Karabo Solutions 498 has a vacancy for a Administrator in the Polokwane area. Remuneration is R8327 per month, in line with industry norms. Responsibilities cover the standard scope of a administrator role at this level. A completed Matric and prior experience in a similar role is preferred. Interested candidates can send a CV through our listing on our LinkedIn page. Only shortlisted applicants will be contacted. This process is entirely free of charge to candidates.",0
"A Data Capturer position is now open at Mpho Holdings 414, Johannesburg. Remuneration is R10344 per month, in line with industry norms. Duties include general data capturer responsibilities as outlined in the attached job description. A completed Matric and prior experience in a similar role is preferred. Please apply directly through Careers24 with an updated CV. We do not charge any fee at any stage of hiring. Shortlisted candidates hear back within ten working days.",0
"Mpho Holdings 716 has a vacancy for a Accountant in the Cape Town area. The role pays R21273/month depending on relevant experience. Duties include general accountant responsibilities as outlined in the attached job description. Minimum requirement: Matric certificate, relevant experience preferred. Interested candidates can send a CV through our listing on Indeed. Shortlisted candidates will be contacted for an interview within two weeks. No fees of any kind are charged during recruitment.",0
"Nomvula (Pty) Ltd 488 is recruiting a Cleaner based in Polokwane. Remuneration is R6084 per month, in line with industry norms. Duties include general cleaner responsibilities as outlined in the attached job description. Candidates should have a Grade 12 qualification and some relevant work history. Please apply directly through Pnet with an updated CV. Only shortlisted applicants will be contacted. This process is entirely free of charge to candidates.",0
"Thandeka Group 175 is recruiting a Call Centre Agent based in Kimberley. Salary offered is R11477 per month, negotiable based on experience. The successful candidate will handle day-to-day call centre agent tasks for the team. Candidates should have a Grade 12 qualification and some relevant work history. Interested candidates can send a CV through our listing on our LinkedIn page. We do not charge any fee at any stage of hiring. Shortlisted candidates hear back within ten working days.",0
"Lerato (Pty) Ltd 13 has a vacancy for a Cashier in the Durban area. Remuneration is R6780 per month, in line with industry norms. Duties include general cashier responsibilities as outlined in the attached job description. A completed Matric and prior experience in a similar role is preferred. To apply, submit your CV via our official careers page at careers.lerato13.co.za. We do not charge any fee at any stage of hiring. Shortlisted candidates hear back within ten working days.",0
"We're looking for a Accountant to join Thandeka Solutions 119 in Durban. Remuneration is R14422 per month, in line with industry norms. Responsibilities cover the standard scope of a accountant role at this level. Minimum requirement: Matric certificate, relevant experience preferred. To apply, submit your CV via our official careers page at careers.thandekasolutions119.co.za. Shortlisted candidates will be contacted for an interview within two weeks. No fees of any kind are charged during recruitment.",0
"A HR Assistant position is now open at Lerato Solutions 404, Cape Town. Salary offered is R13952 per month, negotiable based on experience. The successful candidate will handle day-to-day hr assistant tasks for the team. A completed Matric and prior experience in a similar role is preferred. To apply, submit your CV via our official careers page at careers.leratosolutions404.co.za. We do not charge any fee at any stage of hiring. Shortlisted candidates hear back within ten working days.",0
"Thandeka Group 708 is recruiting a Data Capturer based in Nelspruit. Salary offered is R9967 per month, negotiable based on experience. The successful candidate will handle day-to-day data capturer tasks for the team. A completed Matric and prior experience in a similar role is preferred. Please apply directly through Pnet with an updated CV. Only shortlisted applicants will be contacted. This process is entirely free of charge to candidates.",0
"We're looking for a Security Officer to join Thandeka Group 18 in Kimberley. Salary offered is R7119 per month, negotiable based on experience. Responsibilities cover the standard scope of a security officer role at this level. Minimum requirement: Matric certificate, relevant experience preferred. Please apply directly through Careers24 with an updated CV. We do not charge any fee at any stage of hiring. Shortlisted candidates hear back within ten working days.",0
We're looking for a HR Assistant to join Sizwe Solutions 547 in Nelspruit. The role pays R11388/month depending on relevant experience. Responsibilities cover the standard scope of a hr assistant role at this level. A completed Matric and prior experience in a similar role is preferred. Please apply directly through Pnet with an updated CV. Only shortlisted applicants will be contacted. This process is entirely free of charge to candidates.,0
"We're looking for a Accountant to join Nomvula Logistics 648 in Durban. Salary offered is R22791 per month, negotiable based on experience. Duties include general accountant responsibilities as outlined in the attached job description. A completed Matric and prior experience in a similar role is preferred. To apply, submit your CV via our official careers page at careers.nomvulalogistics648.co.za. We do not charge any fee at any stage of hiring. Shortlisted candidates hear back within ten working days.",0
"We're looking for a Administrator to join Lerato Group 721 in Kimberley. Salary offered is R9053 per month, negotiable based on experience. Duties include general administrator responsibilities as outlined in the attached job description. A completed Matric and prior experience in a similar role is preferred. To apply, submit your CV via our official careers page at careers.leratogroup721.co.za. Only shortlisted applicants will be contacted. This process is entirely free of charge to candidates.",0
"A Receptionist position is now open at Sizwe Solutions 265, Nelspruit. Remuneration is R7455 per month, in line with industry norms. Duties include general receptionist responsibilities as outlined in the attached job description. Candidates should have a Grade 12 qualification and some relevant work history. Interested candidates can send a CV through our listing on Indeed. Only shortlisted applicants will be contacted. This process is entirely free of charge to candidates.",0
"Lerato Solutions 80 is recruiting a General Worker based in Midrand. Salary offered is R6345 per month, negotiable based on experience. Responsibilities cover the standard scope of a general worker role at this level. A completed Matric and prior experience in a similar role is preferred. Interested candidates can send a CV through our listing on our LinkedIn page. Shortlisted candidates will be contacted for an interview within two weeks. No fees of any kind are charged during recruitment.",0
"A Cashier position is now open at Vuyo Retail 189, Cape Town. The role pays R6978/month depending on relevant experience. Responsibilities cover the standard scope of a cashier role at this level. Minimum requirement: Matric certificate, relevant experience preferred. Please apply directly through Pnet with an updated CV. Shortlisted candidates will be contacted for an interview within two weeks. No fees of any kind are charged during recruitment.",0
"Nomvula (Pty) Ltd 699 has a vacancy for a General Worker in the Kimberley area. Remuneration is R5556 per month, in line with industry norms. The successful candidate will handle day-to-day general worker tasks for the team. A completed Matric and prior experience in a similar role is preferred. To apply, submit your CV via our official careers page at careers.nomvula699.co.za. Shortlisted candidates will be contacted for an interview within two weeks. No fees of any kind are charged during recruitment.",0
"Karabo Solutions 191 is recruiting a Accountant based in Nelspruit. The role pays R19658/month depending on relevant experience. Duties include general accountant responsibilities as outlined in the attached job description. Candidates should have a Grade 12 qualification and some relevant work history. To apply, submit your CV via our official careers page at careers.karabosolutions191.co.za. Only shortlisted applicants will be contacted. This process is entirely free of charge to candidates.",0
"Mpho Group 642 is recruiting a General Worker based in Pretoria. The role pays R6154/month depending on relevant experience. The successful candidate will handle day-to-day general worker tasks for the team. Candidates should have a Grade 12 qualification and some relevant work history. To apply, submit your CV via our official careers page at careers.mphogroup642.co.za. Only shortlisted applicants will be contacted. This process is entirely free of charge to candidates.",0
We're looking for a Warehouse Assistant to join Mpho Logistics 271 in Gqeberha. The role pays R7591/month depending on relevant experience. Responsibilities cover the standard scope of a warehouse assistant role at this level. Candidates should have a Grade 12 qualification and some relevant work history. Interested candidates can send a CV through our listing on Careers24. Only shortlisted applicants will be contacted. This process is entirely free of charge to candidates.,0
"Mpho Retail 460 is recruiting a Cleaner based in Midrand. Remuneration is R5860 per month, in line with industry norms. The successful candidate will handle day-to-day cleaner tasks for the team. A completed Matric and prior experience in a similar role is preferred. Interested candidates can send a CV through our listing on Pnet. Shortlisted candidates will be contacted for an interview within two weeks. No fees of any kind are charged during recruitment.",0
"Lerato Solutions 465 is recruiting a HR Assistant based in Gqeberha. Remuneration is R11534 per month, in line with industry norms. The successful candidate will handle day-to-day hr assistant tasks for the team. Candidates should have a Grade 12 qualification and some relevant work history. To apply, submit your CV via our official careers page at careers.leratosolutions465.co.za. Only shortlisted applicants will be contacted. This process is entirely free of charge to candidates.",0
"Thandeka Group 321 has a vacancy for a Warehouse Assistant in the Kimberley area. Salary offered is R7219 per month, negotiable based on experience. Duties include general warehouse assistant responsibilities as outlined in the attached job description. Minimum requirement: Matric certificate, relevant experience preferred. Please apply directly through our LinkedIn page with an updated CV. We do not charge any fee at any stage of hiring. Shortlisted candidates hear back within ten working days.",0
"We're looking for a Data Capturer to join Karabo Logistics 304 in Bloemfontein. Remuneration is R11393 per month, in line with industry norms. Responsibilities cover the standard scope of a data capturer role at this level. Candidates should have a Grade 12 qualification and some relevant work history. Please apply directly through Pnet with an updated CV. Shortlisted candidates will be contacted for an interview within two weeks. No fees of any kind are charged during recruitment.",0
"Nomvula Logistics 736 has a vacancy for a Software Developer in the Nelspruit area. Salary offered is R27827 per month, negotiable based on experience. Responsibilities cover the standard scope of a software developer role at this level. Candidates should have a Grade 12 qualification and some relevant work history. Interested candidates can send a CV through our listing on our LinkedIn page. We do not charge any fee at any stage of hiring. Shortlisted candidates hear back within ten working days.",0
"Nomvula (Pty) Ltd 635 is recruiting a IT Support Technician based in Midrand. Salary offered is R13552 per month, negotiable based on experience. The successful candidate will handle day-to-day it support technician tasks for the team. Minimum requirement: Matric certificate, relevant experience preferred. Interested candidates can send a CV through our listing on Careers24. Shortlisted candidates will be contacted for an interview within two weeks. No fees of any kind are charged during recruitment.",0
"A Sales Representative position is now open at Thandeka Holdings 668, Gqeberha. The role pays R13296/month depending on relevant experience. The successful candidate will handle day-to-day sales representative tasks for the team. Minimum requirement: Matric certificate, relevant experience preferred. Interested candidates can send a CV through our listing on our LinkedIn page. Shortlisted candidates will be contacted for an interview within two weeks. No fees of any kind are charged during recruitment.",0
"Lerato Holdings 402 is recruiting a Security Officer based in Durban. The role pays R8434/month depending on relevant experience. Responsibilities cover the standard scope of a security officer role at this level. Minimum requirement: Matric certificate, relevant experience preferred. To apply, submit your CV via our official careers page at careers.leratoholdings402.co.za. We do not charge any fee at any stage of hiring. Shortlisted candidates hear back within ten working days.",0
"Karabo Retail 186 has a vacancy for a HR Assistant in the Bloemfontein area. Remuneration is R12512 per month, in line with industry norms. The successful candidate will handle day-to-day hr assistant tasks for the team. Minimum requirement: Matric certificate, relevant experience preferred. Please apply directly through Careers24 with an updated CV. We do not charge any fee at any stage of hiring. Shortlisted candidates hear back within ten working days.",0
"Vuyo Logistics 183 is recruiting a General Worker based in Nelspruit. Salary offered is R7650 per month, negotiable based on experience. Responsibilities cover the standard scope of a general worker role at this level. A completed Matric and prior experience in a similar role is preferred. To apply, submit your CV via our official careers page at careers.vuyologistics183.co.za. Only shortlisted applicants will be contacted. This process is entirely free of charge to candidates.",0
"Sizwe (Pty) Ltd 473 is recruiting a Administrator based in Cape Town. Remuneration is R9155 per month, in line with industry norms. Responsibilities cover the standard scope of a administrator role at this level. Candidates should have a Grade 12 qualification and some relevant work history. Please apply directly through Indeed with an updated CV. We do not charge any fee at any stage of hiring. Shortlisted candidates hear back within ten working days.",0
"Thandeka Holdings 116 is recruiting a General Worker based in Cape Town. Remuneration is R5630 per month, in line with industry norms. Duties include general general worker responsibilities as outlined in the attached job description. A completed Matric and prior experience in a similar role is preferred. Please apply directly through Pnet with an updated CV. Shortlisted candidates will be contacted for an interview within two weeks. No fees of any kind are charged during recruitment.",0
"We're looking for a Driver to join Vuyo Group 16 in Gqeberha. Remuneration is R6566 per month, in line with industry norms. Responsibilities cover the standard scope of a driver role at this level. A completed Matric and prior experience in a similar role is preferred. To apply, submit your CV via our official careers page at careers.vuyogroup16.co.za. We do not charge any fee at any stage of hiring. Shortlisted candidates hear back within ten working days.",0
"We're looking for a Accountant to join Thandeka Retail 515 in Johannesburg. The role pays R20251/month depending on relevant experience. Responsibilities cover the standard scope of a accountant role at this level. Minimum requirement: Matric certificate, relevant experience preferred. Please apply directly through Pnet with an updated CV. Shortlisted candidates will be contacted for an interview within two weeks. No fees of any kind are charged during recruitment.",0
"A Data Capturer position is now open at Nomvula (Pty) Ltd 717, Kimberley. The role pays R11522/month depending on relevant experience. The successful candidate will handle day-to-day data capturer tasks for the team. A completed Matric and prior experience in a similar role is preferred. Please apply directly through Pnet with an updated CV. Shortlisted candidates will be contacted for an interview within two weeks. No fees of any kind are charged during recruitment.",0
"Vuyo (Pty) Ltd 743 has a vacancy for a Driver in the Johannesburg area. Remuneration is R6163 per month, in line with industry norms. Responsibilities cover the standard scope of a driver role at this level. Minimum requirement: Matric certificate, relevant experience preferred. Interested candidates can send a CV through our listing on Indeed. We do not charge any fee at any stage of hiring. Shortlisted candidates hear back within ten working days.",0
"A IT Support Technician position is now open at Thandeka Solutions 260, Nelspruit. The role pays R15315/month depending on relevant experience. Duties include general it support technician responsibilities as outlined in the attached job description. A completed Matric and prior experience in a similar role is preferred. Please apply directly through Careers24 with an updated CV. We do not charge any fee at any stage of hiring. Shortlisted candidates hear back within ten working days.",0
"We're looking for a IT Support Technician to join Lerato Solutions 363 in Johannesburg. Salary offered is R16581 per month, negotiable based on experience. The successful candidate will handle day-to-day it support technician tasks for the team. Candidates should have a Grade 12 qualification and some relevant work history. Interested candidates can send a CV through our listing on Indeed. Shortlisted candidates will be contacted for an interview within two weeks. No fees of any kind are charged during recruitment.",0
"A Administrator position is now open at Lerato Logistics 259, Nelspruit. Salary offered is R8535 per month, negotiable based on experience. Duties include general administrator responsibilities as outlined in the attached job description. Minimum requirement: Matric certificate, relevant experience preferred. Interested candidates can send a CV through our listing on Pnet. We do not charge any fee at any stage of hiring. Shortlisted candidates hear back within ten working days.",0
"Vuyo Logistics 621 has a vacancy for a Driver in the Gqeberha area. Remuneration is R6639 per month, in line with industry norms. Duties include general driver responsibilities as outlined in the attached job description. Candidates should have a Grade 12 qualification and some relevant work history. Please apply directly through Pnet with an updated CV. Only shortlisted applicants will be contacted. This process is entirely free of charge to candidates.",0
"We're looking for a Data Capturer to join Mpho Retail 475 in Gqeberha. Remuneration is R10911 per month, in line with industry norms. Duties include general data capturer responsibilities as outlined in the attached job description. A completed Matric and prior experience in a similar role is preferred. To apply, submit your CV via our official careers page at careers.mphoretail475.co.za. Shortlisted candidates will be contacted for an interview within two weeks. No fees of any kind are charged during recruitment.",0
"A Receptionist position is now open at Nomvula Holdings 731, Kimberley. The role pays R6306/month depending on relevant experience. Duties include general receptionist responsibilities as outlined in the attached job description. A completed Matric and prior experience in a similar role is preferred. Interested candidates can send a CV through our listing on Pnet. Only shortlisted applicants will be contacted. This process is entirely free of charge to candidates.",0
"Karabo Logistics 422 has a vacancy for a HR Assistant in the Nelspruit area. Remuneration is R12597 per month, in line with industry norms. The successful candidate will handle day-to-day hr assistant tasks for the team. Minimum requirement: Matric certificate, relevant experience preferred. Interested candidates can send a CV through our listing on our LinkedIn page. Only shortlisted applicants will be contacted. This process is entirely free of charge to candidates.",0
"Thandeka (Pty) Ltd 435 is recruiting a Driver based in Johannesburg. Salary offered is R8717 per month, negotiable based on experience. Responsibilities cover the standard scope of a driver role at this level. A completed Matric and prior experience in a similar role is preferred. To apply, submit your CV via our official careers page at careers.thandeka435.co.za. Only shortlisted applicants will be contacted. This process is entirely free of charge to candidates.",0
"Nomvula Group 522 has a vacancy for a Sales Representative in the Polokwane area. Salary offered is R10094 per month, negotiable based on experience. Responsibilities cover the standard scope of a sales representative role at this level. A completed Matric and prior experience in a similar role is preferred. Interested candidates can send a CV through our listing on Indeed. We do not charge any fee at any stage of hiring. Shortlisted candidates hear back within ten working days.",0
Thandeka Solutions 110 is recruiting a Receptionist based in Nelspruit. The role pays R6739/month depending on relevant experience. Responsibilities cover the standard scope of a receptionist role at this level. A completed Matric and prior experience in a similar role is preferred. Please apply directly through Indeed with an updated CV. We do not charge any fee at any stage of hiring. Shortlisted candidates hear back within ten working days.,0
"Thandeka Retail 712 is recruiting a Security Officer based in Gqeberha. Salary offered is R8088 per month, negotiable based on experience. The successful candidate will handle day-to-day security officer tasks for the team. A completed Matric and prior experience in a similar role is preferred. Interested candidates can send a CV through our listing on Indeed. We do not charge any fee at any stage of hiring. Shortlisted candidates hear back within ten working days.",0
Vuyo Logistics 46 has a vacancy for a Cashier in the Nelspruit area. The role pays R5860/month depending on relevant experience. Responsibilities cover the standard scope of a cashier role at this level. Candidates should have a Grade 12 qualification and some relevant work history. Please apply directly through Careers24 with an updated CV. We do not charge any fee at any stage of hiring. Shortlisted candidates hear back within ten working days.,0
"A Receptionist position is now open at Mpho Logistics 735, Pretoria. The role pays R8239/month depending on relevant experience. Duties include general receptionist responsibilities as outlined in the attached job description. Candidates should have a Grade 12 qualification and some relevant work history. To apply, submit your CV via our official careers page at careers.mphologistics735.co.za. We do not charge any fee at any stage of hiring. Shortlisted candidates hear back within ten working days.",0
"Nomvula Retail 564 has a vacancy for a Accountant in the Kimberley area. Salary offered is R23907 per month, negotiable based on experience. Responsibilities cover the standard scope of a accountant role at this level. Candidates should have a Grade 12 qualification and some relevant work history. Interested candidates can send a CV through our listing on Careers24. Shortlisted candidates will be contacted for an interview within two weeks. No fees of any kind are charged during recruitment.",0
Karabo Holdings 48 is recruiting a Call Centre Agent based in Johannesburg. The role pays R6700/month depending on relevant experience. Responsibilities cover the standard scope of a call centre agent role at this level. A completed Matric and prior experience in a similar role is preferred. Please apply directly through Careers24 with an updated CV. We do not charge any fee at any stage of hiring. Shortlisted candidates hear back within ten working days.,0
"Sizwe Solutions 701 is recruiting a HR Assistant based in Johannesburg. Remuneration is R10916 per month, in line with industry norms. Duties include general hr assistant responsibilities as outlined in the attached job description. A completed Matric and prior experience in a similar role is preferred. To apply, submit your CV via our official careers page at careers.sizwesolutions701.co.za. We do not charge any fee at any stage of hiring. Shortlisted candidates hear back within ten working days.",0
"We're looking for a IT Support Technician to join Thandeka (Pty) Ltd 302 in Cape Town. Salary offered is R17248 per month, negotiable based on experience. The successful candidate will handle day-to-day it support technician tasks for the team. A completed Matric and prior experience in a similar role is preferred. Interested candidates can send a CV through our listing on Indeed. Only shortlisted applicants will be contacted. This process is entirely free of charge to candidates.",0
"Thandeka Retail 437 is recruiting a Data Capturer based in Midrand. Remuneration is R11254 per month, in line with industry norms. Duties include general data capturer responsibilities as outlined in the attached job description. Candidates should have a Grade 12 qualification and some relevant work history. Please apply directly through Pnet with an updated CV. Only shortlisted applicants will be contacted. This process is entirely free of charge to candidates.",0
Vuyo Logistics 535 has a vacancy for a Cleaner in the Nelspruit area. The role pays R5076/month depending on relevant experience. Responsibilities cover the standard scope of a cleaner role at this level. Candidates should have a Grade 12 qualification and some relevant work history. Interested candidates can send a CV through our listing on Pnet. We do not charge any fee at any stage of hiring. Shortlisted candidates hear back within ten working days.,0
"Vuyo Retail 254 is recruiting a Software Developer based in Durban. Remuneration is R42239 per month, in line with industry norms. The successful candidate will handle day-to-day software developer tasks for the team. Candidates should have a Grade 12 qualification and some relevant work history. To apply, submit your CV via our official careers page at careers.vuyoretail254.co.za. Only shortlisted applicants will be contacted. This process is entirely free of charge to candidates.",0
We're looking for a Driver to join Sizwe Holdings 629 in Kimberley. The role pays R9266/month depending on relevant experience. The successful candidate will handle day-to-day driver tasks for the team. A completed Matric and prior experience in a similar role is preferred. Interested candidates can send a CV through our listing on our LinkedIn page. Only shortlisted applicants will be contacted. This process is entirely free of charge to candidates.,0
"Mpho Retail 130 is recruiting a Accountant based in Midrand. Remuneration is R23190 per month, in line with industry norms. The successful candidate will handle day-to-day accountant tasks for the team. A completed Matric and prior experience in a similar role is preferred. Interested candidates can send a CV through our listing on Pnet. Shortlisted candidates will be contacted for an interview within two weeks. No fees of any kind are charged during recruitment.",0
"Cashier needed, Nelspruit area, R21304/month. Kindly note a refundable registration deposit is required before your starter pack is issued. Limited spaces, apply now.",1
"Thandeka Holdings 307 has a vacancy for a Cashier in the Johannesburg area. Remuneration is R5883 per month, in line with industry norms. The successful candidate will handle day-to-day cashier tasks for the team. A completed Matric and prior experience in a similar role is preferred. Interested candidates can send a CV through our listing on our LinkedIn page. We do not charge any fee at any stage of hiring. Shortlisted candidates hear back within ten working days.",0
We're looking for a Receptionist to join Mpho Solutions 489 in Durban. The role pays R8127/month depending on relevant experience. Responsibilities cover the standard scope of a receptionist role at this level. A completed Matric and prior experience in a similar role is preferred. Interested candidates can send a CV through our listing on Indeed. Shortlisted candidates will be contacted for an interview within two weeks. No fees of any kind are charged during recruitment.,0
"We're looking for a HR Assistant to join Vuyo Retail 81 in Bloemfontein. The role pays R9912/month depending on relevant experience. Duties include general hr assistant responsibilities as outlined in the attached job description. A completed Matric and prior experience in a similar role is preferred. To apply, submit your CV via our official careers page at careers.vuyoretail81.co.za. Only shortlisted applicants will be contacted. This process is entirely free of charge to candidates.",0
"We're looking for a Receptionist to join Mpho (Pty) Ltd 447 in Kimberley. Remuneration is R8502 per month, in line with industry norms. The successful candidate will handle day-to-day receptionist tasks for the team. Minimum requirement: Matric certificate, relevant experience preferred. Interested candidates can send a CV through our listing on Careers24. We do not charge any fee at any stage of hiring. Shortlisted candidates hear back within ten working days.",0
"Sizwe (Pty) Ltd 479 has a vacancy for a Administrator in the Bloemfontein area. Remuneration is R11121 per month, in line with industry norms. The successful candidate will handle day-to-day administrator tasks for the team. Candidates should have a Grade 12 qualification and some relevant work history. Please apply directly through our LinkedIn page with an updated CV. Only shortlisted applicants will be contacted. This process is entirely free of charge to candidates.",0
"Lerato Retail 297 has a vacancy for a Receptionist in the Johannesburg area. Remuneration is R7355 per month, in line with industry norms. The successful candidate will handle day-to-day receptionist tasks for the team. Minimum requirement: Matric certificate, relevant experience preferred. Interested candidates can send a CV through our listing on Pnet. We do not charge any fee at any stage of hiring. Shortlisted candidates hear back within ten working days.",0
"A Data Capturer position is now open at Mpho Retail 85, Kimberley. The role pays R7435/month depending on relevant experience. Duties include general data capturer responsibilities as outlined in the attached job description. A completed Matric and prior experience in a similar role is preferred. Interested candidates can send a CV through our listing on our LinkedIn page. Shortlisted candidates will be contacted for an interview within two weeks. No fees of any kind are charged during recruitment.",0
"We're looking for a Data Capturer to join Mpho Logistics 537 in Bloemfontein. Salary offered is R11650 per month, negotiable based on experience. Duties include general data capturer responsibilities as outlined in the attached job description. Candidates should have a Grade 12 qualification and some relevant work history. Interested candidates can send a CV through our listing on Careers24. Shortlisted candidates will be contacted for an interview within two weeks. No fees of any kind are charged during recruitment.",0
We're looking for a Administrator to join Vuyo Holdings 539 in Polokwane. The role pays R12927/month depending on relevant experience. The successful candidate will handle day-to-day administrator tasks for the team. A completed Matric and prior experience in a similar role is preferred. Please apply directly through Pnet with an updated CV. We do not charge any fee at any stage of hiring. Shortlisted candidates hear back within ten working days.,0
"Vuyo Holdings 507 has a vacancy for a Data Capturer in the Kimberley area. Salary offered is R11634 per month, negotiable based on experience. Responsibilities cover the standard scope of a data capturer role at this level. Candidates should have a Grade 12 qualification and some relevant work history. Please apply directly through Careers24 with an updated CV. Shortlisted candidates will be contacted for an interview within two weeks. No fees of any kind are charged during recruitment.",0
"Vuyo (Pty) Ltd 158 has a vacancy for a Security Officer in the Gqeberha area. Salary offered is R5420 per month, negotiable based on experience. Duties include general security officer responsibilities as outlined in the attached job description. Candidates should have a Grade 12 qualification and some relevant work history. Interested candidates can send a CV through our listing on Careers24. Only shortlisted applicants will be contacted. This process is entirely free of charge to candidates.",0
"A Warehouse Assistant position is now open at Thandeka Retail 229, Pretoria. Remuneration is R8469 per month, in line with industry norms. Duties include general warehouse assistant responsibilities as outlined in the attached job description. Minimum requirement: Matric certificate, relevant experience preferred. To apply, submit your CV via our official careers page at careers.thandekaretail229.co.za. Shortlisted candidates will be contacted for an interview within two weeks. No fees of any kind are charged during recruitment.",0
"A IT Support Technician position is now open at Nomvula Holdings 474, Durban. Salary offered is R10941 per month, negotiable based on experience. Duties include general it support technician responsibilities as outlined in the attached job description. A completed Matric and prior experience in a similar role is preferred. Please apply directly through Indeed with an updated CV. Shortlisted candidates will be contacted for an interview within two weeks. No fees of any kind are charged during recruitment.",0
"A Call Centre Agent position is now open at Thandeka Solutions 349, Gqeberha. Remuneration is R7114 per month, in line with industry norms. Duties include general call centre agent responsibilities as outlined in the attached job description. Candidates should have a Grade 12 qualification and some relevant work history. Please apply directly through Careers24 with an updated CV. We do not charge any fee at any stage of hiring. Shortlisted candidates hear back within ten working days.",0
"We're looking for a Call Centre Agent to join Vuyo Solutions 525 in Midrand. The role pays R6653/month depending on relevant experience. The successful candidate will handle day-to-day call centre agent tasks for the team. Minimum requirement: Matric certificate, relevant experience preferred. Please apply directly through our LinkedIn page with an updated CV. Shortlisted candidates will be contacted for an interview within two weeks. No fees of any kind are charged during recruitment.",0
"URGENT! Data Capturer needed in Midrand, R37108/month, no experience necessary! Only 5 slots left, apply within 24 hours. WhatsApp us now on 0804837070 to secure your spot. In compliance with POPIA we require a copy of your ID and proof of banking details to begin your pre-employment screening immediately.",1
"We are a proud Level 1 B-BBEE contributor urgently hiring a Security Officer in Bloemfontein paying R28522 per month. No interview required, immediate start. Send your ID number, ID document and bank account details to our WhatsApp line 0692514149 today to reserve your position -- limited spaces available!",1
"A General Worker position is now open at Nomvula Holdings 436, Kimberley. The role pays R6089/month depending on relevant experience. Duties include general general worker responsibilities as outlined in the attached job description. Candidates should have a Grade 12 qualification and some relevant work history. Please apply directly through Pnet with an updated CV. We do not charge any fee at any stage of hiring. Shortlisted candidates hear back within ten working days.",0
"A HR Assistant position is now open at Lerato (Pty) Ltd 645, Polokwane. Remuneration is R13642 per month, in line with industry norms. Duties include general hr assistant responsibilities as outlined in the attached job description. Minimum requirement: Matric certificate, relevant experience preferred. To apply, submit your CV via our official careers page at careers.lerato645.co.za. Shortlisted candidates will be contacted for an interview within two weeks. No fees of any kind are charged during recruitment.",0
"Thandeka Solutions 444 is recruiting a Receptionist based in Cape Town. Salary offered is R7050 per month, negotiable based on experience. Responsibilities cover the standard scope of a receptionist role at this level. Candidates should have a Grade 12 qualification and some relevant work history. Interested candidates can send a CV through our listing on Indeed. We do not charge any fee at any stage of hiring. Shortlisted candidates hear back within ten working days.",0
"Lerato Group 190 has a vacancy for a Driver in the Kimberley area. Remuneration is R9404 per month, in line with industry norms. Duties include general driver responsibilities as outlined in the attached job description. Candidates should have a Grade 12 qualification and some relevant work history. Please apply directly through Indeed with an updated CV. We do not charge any fee at any stage of hiring. Shortlisted candidates hear back within ten working days.",0
"Mpho Retail 628 has a vacancy for a HR Assistant in the Cape Town area. Salary offered is R9370 per month, negotiable based on experience. The successful candidate will handle day-to-day hr assistant tasks for the team. Candidates should have a Grade 12 qualification and some relevant work history. To apply, submit your CV via our official careers page at careers.mphoretail628.co.za. Shortlisted candidates will be contacted for an interview within two weeks. No fees of any kind are charged during recruitment.",0
"A Sales Representative position is now open at Nomvula Logistics 377, Cape Town. Remuneration is R12843 per month, in line with industry norms. Responsibilities cover the standard scope of a sales representative role at this level. A completed Matric and prior experience in a similar role is preferred. Interested candidates can send a CV through our listing on Careers24. We do not charge any fee at any stage of hiring. Shortlisted candidates hear back within ten working days.",0
"A Accountant position is now open at Mpho Logistics 432, Polokwane. The role pays R26623/month depending on relevant experience. Duties include general accountant responsibilities as outlined in the attached job description. Candidates should have a Grade 12 qualification and some relevant work history. Please apply directly through Careers24 with an updated CV. Only shortlisted applicants will be contacted. This process is entirely free of charge to candidates.",0
We're looking for a Accountant to join Karabo Holdings 92 in Kimberley. The role pays R21905/month depending on relevant experience. Duties include general accountant responsibilities as outlined in the attached job description. A completed Matric and prior experience in a similar role is preferred. Please apply directly through Careers24 with an updated CV. Shortlisted candidates will be contacted for an interview within two weeks. No fees of any kind are charged during recruitment.,0
"Karabo Logistics 433 is recruiting a Cleaner based in Pretoria. Remuneration is R4537 per month, in line with industry norms. Duties include general cleaner responsibilities as outlined in the attached job description. Minimum requirement: Matric certificate, relevant experience preferred. Please apply directly through Careers24 with an updated CV. We do not charge any fee at any stage of hiring. Shortlisted candidates hear back within ten working days.",0
"A Accountant position is now open at Karabo Holdings 614, Johannesburg. Remuneration is R18623 per month, in line with industry norms. Responsibilities cover the standard scope of a accountant role at this level. A completed Matric and prior experience in a similar role is preferred. Interested candidates can send a CV through our listing on our LinkedIn page. Only shortlisted applicants will be contacted. This process is entirely free of charge to candidates.",0
"Vuyo Logistics 745 has a vacancy for a HR Assistant in the Midrand area. The role pays R14791/month depending on relevant experience. Duties include general hr assistant responsibilities as outlined in the attached job description. Minimum requirement: Matric certificate, relevant experience preferred. Please apply directly through Pnet with an updated CV. Only shortlisted applicants will be contacted. This process is entirely free of charge to candidates.",0
"Vuyo Retail 274 is recruiting a Administrator based in Johannesburg. Salary offered is R9459 per month, negotiable based on experience. Responsibilities cover the standard scope of a administrator role at this level. A completed Matric and prior experience in a similar role is preferred. To apply, submit your CV via our official careers page at careers.vuyoretail274.co.za. We do not charge any fee at any stage of hiring. Shortlisted candidates hear back within ten working days.",0
"Mpho (Pty) Ltd 487 has a vacancy for a Software Developer in the Kimberley area. The role pays R31866/month depending on relevant experience. The successful candidate will handle day-to-day software developer tasks for the team. Minimum requirement: Matric certificate, relevant experience preferred. Interested candidates can send a CV through our listing on Pnet. We do not charge any fee at any stage of hiring. Shortlisted candidates hear back within ten working days.",0
"We're looking for a HR Assistant to join Vuyo Retail 744 in Nelspruit. Salary offered is R8739 per month, negotiable based on experience. Duties include general hr assistant responsibilities as outlined in the attached job description. A completed Matric and prior experience in a similar role is preferred. Please apply directly through Pnet with an updated CV. We do not charge any fee at any stage of hiring. Shortlisted candidates hear back within ten working days.",0
"We're looking for a Driver to join Thandeka Logistics 456 in Midrand. The role pays R9949/month depending on relevant experience. Duties include general driver responsibilities as outlined in the attached job description. Minimum requirement: Matric certificate, relevant experience preferred. To apply, submit your CV via our official careers page at careers.thandekalogistics456.co.za. Shortlisted candidates will be contacted for an interview within two weeks. No fees of any kind are charged during recruitment.",0
"Mpho (Pty) Ltd 501 is recruiting a Security Officer based in Kimberley. The role pays R8599/month depending on relevant experience. The successful candidate will handle day-to-day security officer tasks for the team. Minimum requirement: Matric certificate, relevant experience preferred. To apply, submit your CV via our official careers page at careers.mpho501.co.za. We do not charge any fee at any stage of hiring. Shortlisted candidates hear back within ten working days.",0
"Mpho Group 204 has a vacancy for a Sales Representative in the Durban area. Remuneration is R7510 per month, in line with industry norms. Responsibilities cover the standard scope of a sales representative role at this level. A completed Matric and prior experience in a similar role is preferred. Interested candidates can send a CV through our listing on Indeed. Shortlisted candidates will be contacted for an interview within two weeks. No fees of any kind are charged during recruitment.",0
Sizwe Solutions 524 has a vacancy for a Cleaner in the Kimberley area. The role pays R4834/month depending on relevant experience. Duties include general cleaner responsibilities as outlined in the attached job description. A completed Matric and prior experience in a similar role is preferred. Please apply directly through our LinkedIn page with an updated CV. We do not charge any fee at any stage of hiring. Shortlisted candidates hear back within ten working days.,0
"A Call Centre Agent position is now open at Sizwe Solutions 376, Kimberley. The role pays R6708/month depending on relevant experience. Responsibilities cover the standard scope of a call centre agent role at this level. A completed Matric and prior experience in a similar role is preferred. To apply, submit your CV via our official careers page at careers.sizwesolutions376.co.za. Only shortlisted applicants will be contacted. This process is entirely free of charge to candidates.",0
"A Accountant position is now open at Lerato Solutions 98, Gqeberha. Remuneration is R25048 per month, in line with industry norms. Duties include general accountant responsibilities as outlined in the attached job description. A completed Matric and prior experience in a similar role is preferred. To apply, submit your CV via our official careers page at careers.leratosolutions98.co.za. We do not charge any fee at any stage of hiring. Shortlisted candidates hear back within ten working days.",0
"We're looking for a Security Officer to join Karabo Group 367 in Johannesburg. Salary offered is R7329 per month, negotiable based on experience. Duties include general security officer responsibilities as outlined in the attached job description. Minimum requirement: Matric certificate, relevant experience preferred. Interested candidates can send a CV through our listing on Pnet. Only shortlisted applicants will be contacted. This process is entirely free of charge to candidates.",0
"A Administrator position is now open at Nomvula Holdings 134, Kimberley. Remuneration is R9229 per month, in line with industry norms. Responsibilities cover the standard scope of a administrator role at this level. Candidates should have a Grade 12 qualification and some relevant work history. Interested candidates can send a CV through our listing on Careers24. We do not charge any fee at any stage of hiring. Shortlisted candidates hear back within ten working days.",0
"A General Worker position is now open at Karabo Retail 617, Pretoria. The role pays R5056/month depending on relevant experience. The successful candidate will handle day-to-day general worker tasks for the team. A completed Matric and prior experience in a similar role is preferred. Interested candidates can send a CV through our listing on Careers24. Only shortlisted applicants will be contacted. This process is entirely free of charge to candidates.",0
Thandeka Holdings 317 is recruiting a Warehouse Assistant based in Gqeberha. The role pays R8794/month depending on relevant experience. Responsibilities cover the standard scope of a warehouse assistant role at this level. Candidates should have a Grade 12 qualification and some relevant work history. Interested candidates can send a CV through our listing on Pnet. We do not charge any fee at any stage of hiring. Shortlisted candidates hear back within ten working days.,0
"We're looking for a Call Centre Agent to join Vuyo Solutions 442 in Midrand. Salary offered is R8308 per month, negotiable based on experience. Duties include general call centre agent responsibilities as outlined in the attached job description. A completed Matric and prior experience in a similar role is preferred. Please apply directly through Pnet with an updated CV. We do not charge any fee at any stage of hiring. Shortlisted candidates hear back within ten working days.",0
"We're looking for a Call Centre Agent to join Sizwe Group 502 in Nelspruit. Remuneration is R7190 per month, in line with industry norms. Responsibilities cover the standard scope of a call centre agent role at this level. Candidates should have a Grade 12 qualification and some relevant work history. Please apply directly through Careers24 with an updated CV. Shortlisted candidates will be contacted for an interview within two weeks. No fees of any kind are charged during recruitment.",0
"Karabo Holdings 305 is recruiting a Driver based in Pretoria. Remuneration is R9161 per month, in line with industry norms. Duties include general driver responsibilities as outlined in the attached job description. Candidates should have a Grade 12 qualification and some relevant work history. Interested candidates can send a CV through our listing on Careers24. Only shortlisted applicants will be contacted. This process is entirely free of charge to candidates.",0
Nomvula Logistics 123 has a vacancy for a Call Centre Agent in the Midrand area. The role pays R8752/month depending on relevant experience. The successful candidate will handle day-to-day call centre agent tasks for the team. A completed Matric and prior experience in a similar role is preferred. Interested candidates can send a CV through our listing on our LinkedIn page. We do not charge any fee at any stage of hiring. Shortlisted candidates hear back within ten working days.,0
"A Warehouse Assistant position is now open at Thandeka Group 719, Nelspruit. Remuneration is R7936 per month, in line with industry norms. Responsibilities cover the standard scope of a warehouse assistant role at this level. Candidates should have a Grade 12 qualification and some relevant work history. Please apply directly through Indeed with an updated CV. We do not charge any fee at any stage of hiring. Shortlisted candidates hear back within ten working days.",0
"A Administrator position is now open at Nomvula Retail 669, Johannesburg. Salary offered is R11575 per month, negotiable based on experience. Duties include general administrator responsibilities as outlined in the attached job description. Candidates should have a Grade 12 qualification and some relevant work history. Interested candidates can send a CV through our listing on Careers24. We do not charge any fee at any stage of hiring. Shortlisted candidates hear back within ten working days.",0
"A General Worker position is now open at Lerato Logistics 662, Pretoria. Salary offered is R5403 per month, negotiable based on experience. Responsibilities cover the standard scope of a general worker role at this level. Minimum requirement: Matric certificate, relevant experience preferred. To apply, submit your CV via our official careers page at careers.leratologistics662.co.za. Shortlisted candidates will be contacted for an interview within two weeks. No fees of any kind are charged during recruitment.",0
We're looking for a Receptionist to join Mpho (Pty) Ltd 728 in Johannesburg. The role pays R6503/month depending on relevant experience. Responsibilities cover the standard scope of a receptionist role at this level. A completed Matric and prior experience in a similar role is preferred. Please apply directly through Pnet with an updated CV. We do not charge any fee at any stage of hiring. Shortlisted candidates hear back within ten working days.,0
"A Cashier position is now open at Karabo (Pty) Ltd 412, Cape Town. Salary offered is R7502 per month, negotiable based on experience. Responsibilities cover the standard scope of a cashier role at this level. Minimum requirement: Matric certificate, relevant experience preferred. Please apply directly through Indeed with an updated CV. Shortlisted candidates will be contacted for an interview within two weeks. No fees of any kind are charged during recruitment.",0
"We're looking for a Cashier to join Thandeka (Pty) Ltd 397 in Kimberley. Salary offered is R6081 per month, negotiable based on experience. Responsibilities cover the standard scope of a cashier role at this level. Candidates should have a Grade 12 qualification and some relevant work history. Please apply directly through Indeed with an updated CV. Only shortlisted applicants will be contacted. This process is entirely free of charge to candidates.",0
"Sizwe (Pty) Ltd 166 has a vacancy for a Cashier in the Johannesburg area. Salary offered is R8061 per month, negotiable based on experience. The successful candidate will handle day-to-day cashier tasks for the team. A completed Matric and prior experience in a similar role is preferred. Please apply directly through Pnet with an updated CV. We do not charge any fee at any stage of hiring. Shortlisted candidates hear back within ten working days.",0
Thandeka Solutions 213 is recruiting a Call Centre Agent based in Johannesburg. The role pays R8871/month depending on relevant experience. Responsibilities cover the standard scope of a call centre agent role at this level. Candidates should have a Grade 12 qualification and some relevant work history. Please apply directly through our LinkedIn page with an updated CV. Shortlisted candidates will be contacted for an interview within two weeks. No fees of any kind are charged during recruitment.,0
"A Software Developer position is now open at Thandeka (Pty) Ltd 21, Cape Town. The role pays R31338/month depending on relevant experience. Responsibilities cover the standard scope of a software developer role at this level. Candidates should have a Grade 12 qualification and some relevant work history. Interested candidates can send a CV through our listing on Pnet. We do not charge any fee at any stage of hiring. Shortlisted candidates hear back within ten working days.",0
We're looking for a Accountant to join Thandeka Retail 91 in Kimberley. The role pays R15858/month depending on relevant experience. The successful candidate will handle day-to-day accountant tasks for the team. Candidates should have a Grade 12 qualification and some relevant work history. Please apply directly through Indeed with an updated CV. Only shortlisted applicants will be contacted. This process is entirely free of charge to candidates.,0
"A Call Centre Agent position is now open at Sizwe (Pty) Ltd 688, Pretoria. Remuneration is R11013 per month, in line with industry norms. Duties include general call centre agent responsibilities as outlined in the attached job description. Candidates should have a Grade 12 qualification and some relevant work history. Interested candidates can send a CV through our listing on Pnet. Only shortlisted applicants will be contacted. This process is entirely free of charge to candidates.",0
"We're looking for a General Worker to join Thandeka Retail 245 in Cape Town. Salary offered is R5063 per month, negotiable based on experience. Duties include general general worker responsibilities as outlined in the attached job description. A completed Matric and prior experience in a similar role is preferred. Interested candidates can send a CV through our listing on Indeed. Shortlisted candidates will be contacted for an interview within two weeks. No fees of any kind are charged during recruitment.",0
Mpho (Pty) Ltd 182 is recruiting a Software Developer based in Durban. The role pays R36076/month depending on relevant experience. Responsibilities cover the standard scope of a software developer role at this level. A completed Matric and prior experience in a similar role is preferred. Please apply directly through our LinkedIn page with an updated CV. We do not charge any fee at any stage of hiring. Shortlisted candidates hear back within ten working days.,0
"Karabo Group 261 has a vacancy for a Cleaner in the Nelspruit area. The role pays R4894/month depending on relevant experience. Responsibilities cover the standard scope of a cleaner role at this level. Candidates should have a Grade 12 qualification and some relevant work history. To apply, submit your CV via our official careers page at careers.karabogroup261.co.za. Shortlisted candidates will be contacted for an interview within two weeks. No fees of any kind are charged during recruitment.",0
"Mpho (Pty) Ltd 408 is recruiting a General Worker based in Gqeberha. Remuneration is R4646 per month, in line with industry norms. The successful candidate will handle day-to-day general worker tasks for the team. A completed Matric and prior experience in a similar role is preferred. Interested candidates can send a CV through our listing on Careers24. We do not charge any fee at any stage of hiring. Shortlisted candidates hear back within ten working days.",0
"A Driver position is now open at Sizwe Solutions 94, Kimberley. The role pays R10412/month depending on relevant experience. Responsibilities cover the standard scope of a driver role at this level. Minimum requirement: Matric certificate, relevant experience preferred. Please apply directly through Careers24 with an updated CV. We do not charge any fee at any stage of hiring. Shortlisted candidates hear back within ten working days.",0
"Vuyo Logistics 390 is recruiting a Security Officer based in Bloemfontein. Remuneration is R7622 per month, in line with industry norms. Duties include general security officer responsibilities as outlined in the attached job description. A completed Matric and prior experience in a similar role is preferred. To apply, submit your CV via our official careers page at careers.vuyologistics390.co.za. Shortlisted candidates will be contacted for an interview within two weeks. No fees of any kind are charged during recruitment.",0
"Karabo (Pty) Ltd 616 is recruiting a Call Centre Agent based in Durban. Remuneration is R8863 per month, in line with industry norms. Duties include general call centre agent responsibilities as outlined in the attached job description. Minimum requirement: Matric certificate, relevant experience preferred. Please apply directly through our LinkedIn page with an updated CV. We do not charge any fee at any stage of hiring. Shortlisted candidates hear back within ten working days.",0
"We're looking for a Cashier to join Karabo Holdings 560 in Gqeberha. Remuneration is R7820 per month, in line with industry norms. The successful candidate will handle day-to-day cashier tasks for the team. Minimum requirement: Matric certificate, relevant experience preferred. Interested candidates can send a CV through our listing on Pnet. We do not charge any fee at any stage of hiring. Shortlisted candidates hear back within ten working days.",0
"We're looking for a Warehouse Assistant to join Nomvula Logistics 72 in Pretoria. Salary offered is R6792 per month, negotiable based on experience. Duties include general warehouse assistant responsibilities as outlined in the attached job description. A completed Matric and prior experience in a similar role is preferred. Interested candidates can send a CV through our listing on Indeed. We do not charge any fee at any stage of hiring. Shortlisted candidates hear back within ten working days.",0
"A Warehouse Assistant position is now open at Lerato (Pty) Ltd 56, Nelspruit. The role pays R6617/month depending on relevant experience. The successful candidate will handle day-to-day warehouse assistant tasks for the team. A completed Matric and prior experience in a similar role is preferred. Interested candidates can send a CV through our listing on Careers24. Only shortlisted applicants will be contacted. This process is entirely free of charge to candidates.",0
"A Administrator position is now open at Thandeka (Pty) Ltd 330, Polokwane. Salary offered is R13940 per month, negotiable based on experience. Duties include general administrator responsibilities as outlined in the attached job description. A completed Matric and prior experience in a similar role is preferred. Interested candidates can send a CV through our listing on our LinkedIn page. Only shortlisted applicants will be contacted. This process is entirely free of charge to candidates.",0
"Nomvula Solutions 289 has a vacancy for a Cleaner in the Polokwane area. Remuneration is R4889 per month, in line with industry norms. Responsibilities cover the standard scope of a cleaner role at this level. A completed Matric and prior experience in a similar role is preferred. Please apply directly through Pnet with an updated CV. Shortlisted candidates will be contacted for an interview within two weeks. No fees of any kind are charged during recruitment.",0
"Vuyo Holdings 659 is recruiting a Cashier based in Midrand. Salary offered is R6369 per month, negotiable based on experience. The successful candidate will handle day-to-day cashier tasks for the team. Minimum requirement: Matric certificate, relevant experience preferred. Please apply directly through Careers24 with an updated CV. Shortlisted candidates will be contacted for an interview within two weeks. No fees of any kind are charged during recruitment.",0
"We're looking for a Sales Representative to join Lerato Group 49 in Kimberley. Remuneration is R10145 per month, in line with industry norms. The successful candidate will handle day-to-day sales representative tasks for the team. Minimum requirement: Matric certificate, relevant experience preferred. To apply, submit your CV via our official careers page at careers.leratogroup49.co.za. Shortlisted candidates will be contacted for an interview within two weeks. No fees of any kind are charged during recruitment.",0
"We're looking for a Receptionist to join Nomvula (Pty) Ltd 216 in Nelspruit. Salary offered is R6710 per month, negotiable based on experience. Responsibilities cover the standard scope of a receptionist role at this level. Candidates should have a Grade 12 qualification and some relevant work history. To apply, submit your CV via our official careers page at careers.nomvula216.co.za. Only shortlisted applicants will be contacted. This process is entirely free of charge to candidates.",0
We're looking for a Call Centre Agent to join Thandeka Retail 132 in Johannesburg. The role pays R11686/month depending on relevant experience. Responsibilities cover the standard scope of a call centre agent role at this level. Candidates should have a Grade 12 qualification and some relevant work history. Interested candidates can send a CV through our listing on Careers24. Only shortlisted applicants will be contacted. This process is entirely free of charge to candidates.,0
Karabo (Pty) Ltd 582 has a vacancy for a Administrator in the Kimberley area. The role pays R9398/month depending on relevant experience. The successful candidate will handle day-to-day administrator tasks for the team. Candidates should have a Grade 12 qualification and some relevant work history. Please apply directly through Careers24 with an updated CV. We do not charge any fee at any stage of hiring. Shortlisted candidates hear back within ten working days.,0
"A IT Support Technician position is now open at Lerato Holdings 332, Bloemfontein. Salary offered is R14026 per month, negotiable based on experience. Duties include general it support technician responsibilities as outlined in the attached job description. Candidates should have a Grade 12 qualification and some relevant work history. Interested candidates can send a CV through our listing on Careers24. Only shortlisted applicants will be contacted. This process is entirely free of charge to candidates.",0
"A General Worker position is now open at Thandeka Group 463, Pretoria. Salary offered is R5041 per month, negotiable based on experience. The successful candidate will handle day-to-day general worker tasks for the team. Minimum requirement: Matric certificate, relevant experience preferred. To apply, submit your CV via our official careers page at careers.thandekagroup463.co.za. We do not charge any fee at any stage of hiring. Shortlisted candidates hear back within ten working days.",0
"A Call Centre Agent position is now open at Vuyo (Pty) Ltd 637, Bloemfontein. The role pays R7106/month depending on relevant experience. Responsibilities cover the standard scope of a call centre agent role at this level. Minimum requirement: Matric certificate, relevant experience preferred. Interested candidates can send a CV through our listing on Indeed. Shortlisted candidates will be contacted for an interview within two weeks. No fees of any kind are charged during recruitment.",0
"A Driver position is now open at Karabo Solutions 671, Nelspruit. Remuneration is R7135 per month, in line with industry norms. The successful candidate will handle day-to-day driver tasks for the team. Minimum requirement: Matric certificate, relevant experience preferred. Please apply directly through Pnet with an updated CV. Only shortlisted applicants will be contacted. This process is entirely free of charge to candidates.",0
"A Receptionist position is now open at Mpho Solutions 44, Bloemfontein. The role pays R7020/month depending on relevant experience. Responsibilities cover the standard scope of a receptionist role at this level. A completed Matric and prior experience in a similar role is preferred. Interested candidates can send a CV through our listing on Careers24. Shortlisted candidates will be contacted for an interview within two weeks. No fees of any kind are charged during recruitment.",0
"Vuyo Retail 337 has a vacancy for a Warehouse Assistant in the Polokwane area. Remuneration is R7926 per month, in line with industry norms. Duties include general warehouse assistant responsibilities as outlined in the attached job description. A completed Matric and prior experience in a similar role is preferred. Please apply directly through Indeed with an updated CV. We do not charge any fee at any stage of hiring. Shortlisted candidates hear back within ten working days.",0
"We're looking for a Warehouse Assistant to join Thandeka Retail 5 in Pretoria. The role pays R8385/month depending on relevant experience. Duties include general warehouse assistant responsibilities as outlined in the attached job description. Minimum requirement: Matric certificate, relevant experience preferred. To apply, submit your CV via our official careers page at careers.thandekaretail5.co.za. Only shortlisted applicants will be contacted. This process is entirely free of charge to candidates.",0
"Immediate opening for a Receptionist in Bloemfontein. To finalise your placement we require your ID number and banking details for the onboarding file. Reply as soon as possible, positions are filling up fast.",1
"Nomvula Retail 608 is recruiting a Sales Representative based in Durban. Remuneration is R8934 per month, in line with industry norms. The successful candidate will handle day-to-day sales representative tasks for the team. A completed Matric and prior experience in a similar role is preferred. Interested candidates can send a CV through our listing on Pnet. We do not charge any fee at any stage of hiring. Shortlisted candidates hear back within ten working days.",0
"Mpho Group 275 has a vacancy for a Warehouse Assistant in the Durban area. Remuneration is R7613 per month, in line with industry norms. Responsibilities cover the standard scope of a warehouse assistant role at this level. Candidates should have a Grade 12 qualification and some relevant work history. To apply, submit your CV via our official careers page at careers.mphogroup275.co.za. We do not charge any fee at any stage of hiring. Shortlisted candidates hear back within ten working days.",0
"Thandeka Retail 643 is recruiting a HR Assistant based in Nelspruit. The role pays R10480/month depending on relevant experience. The successful candidate will handle day-to-day hr assistant tasks for the team. Candidates should have a Grade 12 qualification and some relevant work history. To apply, submit your CV via our official careers page at careers.thandekaretail643.co.za. Only shortlisted applicants will be contacted. This process is entirely free of charge to candidates.",0
"Mpho (Pty) Ltd 464 is recruiting a IT Support Technician based in Gqeberha. The role pays R10639/month depending on relevant experience. The successful candidate will handle day-to-day it support technician tasks for the team. Minimum requirement: Matric certificate, relevant experience preferred. Please apply directly through Pnet with an updated CV. We do not charge any fee at any stage of hiring. Shortlisted candidates hear back within ten working days.",0
"Vuyo (Pty) Ltd 491 has a vacancy for a Call Centre Agent in the Cape Town area. Salary offered is R11217 per month, negotiable based on experience. The successful candidate will handle day-to-day call centre agent tasks for the team. Candidates should have a Grade 12 qualification and some relevant work history. Interested candidates can send a CV through our listing on Careers24. Shortlisted candidates will be contacted for an interview within two weeks. No fees of any kind are charged during recruitment.",0
"We're looking for a Cleaner to join Nomvula Logistics 675 in Kimberley. Remuneration is R4665 per month, in line with industry norms. Duties include general cleaner responsibilities as outlined in the attached job description. Candidates should have a Grade 12 qualification and some relevant work history. Interested candidates can send a CV through our listing on Indeed. We do not charge any fee at any stage of hiring. Shortlisted candidates hear back within ten working days.",0
"We're looking for a Administrator to join Lerato Retail 471 in Cape Town. Salary offered is R13126 per month, negotiable based on experience. Duties include general administrator responsibilities as outlined in the attached job description. A completed Matric and prior experience in a similar role is preferred. Interested candidates can send a CV through our listing on Indeed. We do not charge any fee at any stage of hiring. Shortlisted candidates hear back within ten working days.",0
"A Driver position is now open at Sizwe Logistics 83, Nelspruit. The role pays R8491/month depending on relevant experience. Duties include general driver responsibilities as outlined in the attached job description. A completed Matric and prior experience in a similar role is preferred. To apply, submit your CV via our official careers page at careers.sizwelogistics83.co.za. We do not charge any fee at any stage of hiring. Shortlisted candidates hear back within ten working days.",0
"A Warehouse Assistant position is now open at Karabo Solutions 29, Polokwane. Salary offered is R8243 per month, negotiable based on experience. The successful candidate will handle day-to-day warehouse assistant tasks for the team. A completed Matric and prior experience in a similar role is preferred. Interested candidates can send a CV through our listing on our LinkedIn page. Only shortlisted applicants will be contacted. This process is entirely free of charge to candidates.",0
We're looking for a Cleaner to join Karabo Group 157 in Nelspruit. The role pays R6360/month depending on relevant experience. Duties include general cleaner responsibilities as outlined in the attached job description. A completed Matric and prior experience in a similar role is preferred. Interested candidates can send a CV through our listing on Indeed. We do not charge any fee at any stage of hiring. Shortlisted candidates hear back within ten working days.,0
"We're looking for a Data Capturer to join Karabo Solutions 331 in Nelspruit. Salary offered is R9135 per month, negotiable based on experience. Responsibilities cover the standard scope of a data capturer role at this level. Candidates should have a Grade 12 qualification and some relevant work history. Interested candidates can send a CV through our listing on Careers24. Shortlisted candidates will be contacted for an interview within two weeks. No fees of any kind are charged during recruitment.",0
"Karabo Group 108 has a vacancy for a Receptionist in the Durban area. Remuneration is R9403 per month, in line with industry norms. The successful candidate will handle day-to-day receptionist tasks for the team. Candidates should have a Grade 12 qualification and some relevant work history. To apply, submit your CV via our official careers page at careers.karabogroup108.co.za. Only shortlisted applicants will be contacted. This process is entirely free of charge to candidates.",0
"A Sales Representative position is now open at Vuyo Solutions 604, Polokwane. The role pays R14514/month depending on relevant experience. Duties include general sales representative responsibilities as outlined in the attached job description. Minimum requirement: Matric certificate, relevant experience preferred. Interested candidates can send a CV through our listing on Pnet. Only shortlisted applicants will be contacted. This process is entirely free of charge to candidates.",0
"We're looking for a Warehouse Assistant to join Mpho Holdings 382 in Nelspruit. The role pays R6903/month depending on relevant experience. The successful candidate will handle day-to-day warehouse assistant tasks for the team. Minimum requirement: Matric certificate, relevant experience preferred. To apply, submit your CV via our official careers page at careers.mphoholdings382.co.za. Only shortlisted applicants will be contacted. This process is entirely free of charge to candidates.",0
"We're looking for a Receptionist to join Vuyo Retail 403 in Gqeberha. Remuneration is R6101 per month, in line with industry norms. Responsibilities cover the standard scope of a receptionist role at this level. A completed Matric and prior experience in a similar role is preferred. Please apply directly through Pnet with an updated CV. Only shortlisted applicants will be contacted. This process is entirely free of charge to candidates.",0
"Vuyo Retail 124 is recruiting a IT Support Technician based in Pretoria. Remuneration is R17048 per month, in line with industry norms. The successful candidate will handle day-to-day it support technician tasks for the team. A completed Matric and prior experience in a similar role is preferred. Please apply directly through Careers24 with an updated CV. Only shortlisted applicants will be contacted. This process is entirely free of charge to candidates.",0
Vuyo Logistics 696 has a vacancy for a Accountant in the Bloemfontein area. The role pays R27537/month depending on relevant experience. The successful candidate will handle day-to-day accountant tasks for the team. A completed Matric and prior experience in a similar role is preferred. Interested candidates can send a CV through our listing on Careers24. Shortlisted candidates will be contacted for an interview within two weeks. No fees of any kind are charged during recruitment.,0
"A Software Developer position is now open at Sizwe Solutions 697, Durban. Salary offered is R18080 per month, negotiable based on experience. The successful candidate will handle day-to-day software developer tasks for the team. A completed Matric and prior experience in a similar role is preferred. Interested candidates can send a CV through our listing on our LinkedIn page. Shortlisted candidates will be contacted for an interview within two weeks. No fees of any kind are charged during recruitment.",0
"Lerato Group 291 has a vacancy for a Software Developer in the Nelspruit area. Remuneration is R40158 per month, in line with industry norms. Responsibilities cover the standard scope of a software developer role at this level. Candidates should have a Grade 12 qualification and some relevant work history. Interested candidates can send a CV through our listing on Pnet. We do not charge any fee at any stage of hiring. Shortlisted candidates hear back within ten working days.",0
"Thandeka Logistics 26 is recruiting a Warehouse Assistant based in Cape Town. Remuneration is R6715 per month, in line with industry norms. Responsibilities cover the standard scope of a warehouse assistant role at this level. Minimum requirement: Matric certificate, relevant experience preferred. To apply, submit your CV via our official careers page at careers.thandekalogistics26.co.za. We do not charge any fee at any stage of hiring. Shortlisted candidates hear back within ten working days.",0
"Vuyo Retail 336 is recruiting a Warehouse Assistant based in Gqeberha. Salary offered is R6591 per month, negotiable based on experience. The successful candidate will handle day-to-day warehouse assistant tasks for the team. Candidates should have a Grade 12 qualification and some relevant work history. Interested candidates can send a CV through our listing on Careers24. Shortlisted candidates will be contacted for an interview within two weeks. No fees of any kind are charged during recruitment.",0
Mpho Solutions 96 is recruiting a Data Capturer based in Gqeberha. The role pays R7034/month depending on relevant experience. Duties include general data capturer responsibilities as outlined in the attached job description. A completed Matric and prior experience in a similar role is preferred. Interested candidates can send a CV through our listing on Pnet. We do not charge any fee at any stage of hiring. Shortlisted candidates hear back within ten working days.,0
"Karabo Logistics 693 is recruiting a Security Officer based in Nelspruit. Salary offered is R6736 per month, negotiable based on experience. Duties include general security officer responsibilities as outlined in the attached job description. Candidates should have a Grade 12 qualification and some relevant work history. Interested candidates can send a CV through our listing on Indeed. Shortlisted candidates will be contacted for an interview within two weeks. No fees of any kind are charged during recruitment.",0
"A HR Assistant position is now open at Vuyo Solutions 510, Gqeberha. Salary offered is R14086 per month, negotiable based on experience. Duties include general hr assistant responsibilities as outlined in the attached job description. Minimum requirement: Matric certificate, relevant experience preferred. To apply, submit your CV via our official careers page at careers.vuyosolutions510.co.za. Shortlisted candidates will be contacted for an interview within two weeks. No fees of any kind are charged during recruitment.",0
"Mpho Logistics 252 is recruiting a Data Capturer based in Bloemfontein. Salary offered is R6609 per month, negotiable based on experience. Responsibilities cover the standard scope of a data capturer role at this level. Minimum requirement: Matric certificate, relevant experience preferred. To apply, submit your CV via our official careers page at careers.mphologistics252.co.za. We do not charge any fee at any stage of hiring. Shortlisted candidates hear back within ten working days.",0
"A General Worker position is now open at Sizwe Logistics 78, Kimberley. The role pays R6345/month depending on relevant experience. The successful candidate will handle day-to-day general worker tasks for the team. A completed Matric and prior experience in a similar role is preferred. To apply, submit your CV via our official careers page at careers.sizwelogistics78.co.za. Shortlisted candidates will be contacted for an interview within two weeks. No fees of any kind are charged during recruitment.",0
"A Call Centre Agent position is now open at Thandeka Solutions 426, Bloemfontein. Remuneration is R11284 per month, in line with industry norms. Duties include general call centre agent responsibilities as outlined in the attached job description. Minimum requirement: Matric certificate, relevant experience preferred. To apply, submit your CV via our official careers page at careers.thandekasolutions426.co.za. We do not charge any fee at any stage of hiring. Shortlisted candidates hear back within ten working days.",0
"Thandeka Retail 749 is recruiting a Data Capturer based in Midrand. Remuneration is R11287 per month, in line with industry norms. The successful candidate will handle day-to-day data capturer tasks for the team. Minimum requirement: Matric certificate, relevant experience preferred. Interested candidates can send a CV through our listing on our LinkedIn page. Only shortlisted applicants will be contacted. This process is entirely free of charge to candidates.",0
"Mpho Logistics 584 has a vacancy for a IT Support Technician in the Bloemfontein area. Salary offered is R15185 per month, negotiable based on experience. The successful candidate will handle day-to-day it support technician tasks for the team. A completed Matric and prior experience in a similar role is preferred. Interested candidates can send a CV through our listing on our LinkedIn page. Only shortlisted applicants will be contacted. This process is entirely free of charge to candidates.",0
Karabo Group 538 has a vacancy for a Cashier in the Midrand area. The role pays R6503/month depending on relevant experience. Duties include general cashier responsibilities as outlined in the attached job description. A completed Matric and prior experience in a similar role is preferred. Interested candidates can send a CV through our listing on Careers24. We do not charge any fee at any stage of hiring. Shortlisted candidates hear back within ten working days.,0
Nomvula Holdings 4 is recruiting a Cashier based in Johannesburg. The role pays R8305/month depending on relevant experience. Duties include general cashier responsibilities as outlined in the attached job description. A completed Matric and prior experience in a similar role is preferred. Interested candidates can send a CV through our listing on Indeed. We do not charge any fee at any stage of hiring. Shortlisted candidates hear back within ten working days.,0
We're looking for a IT Support Technician to join Sizwe Group 597 in Cape Town. The role pays R15114/month depending on relevant experience. Responsibilities cover the standard scope of a it support technician role at this level. A completed Matric and prior experience in a similar role is preferred. Interested candidates can send a CV through our listing on our LinkedIn page. We do not charge any fee at any stage of hiring. Shortlisted candidates hear back within ten working days.,0
Vuyo Solutions 217 has a vacancy for a General Worker in the Kimberley area. The role pays R5464/month depending on relevant experience. The successful candidate will handle day-to-day general worker tasks for the team. A completed Matric and prior experience in a similar role is preferred. Please apply directly through Pnet with an updated CV. Only shortlisted applicants will be contacted. This process is entirely free of charge to candidates.,0
"We're looking for a Cleaner to join Sizwe Solutions 599 in Gqeberha. Remuneration is R5634 per month, in line with industry norms. Responsibilities cover the standard scope of a cleaner role at this level. A completed Matric and prior experience in a similar role is preferred. To apply, submit your CV via our official careers page at careers.sizwesolutions599.co.za. Shortlisted candidates will be contacted for an interview within two weeks. No fees of any kind are charged during recruitment.",0
"Nomvula (Pty) Ltd 679 has a vacancy for a Call Centre Agent in the Gqeberha area. The role pays R8173/month depending on relevant experience. The successful candidate will handle day-to-day call centre agent tasks for the team. A completed Matric and prior experience in a similar role is preferred. To apply, submit your CV via our official careers page at careers.nomvula679.co.za. Only shortlisted applicants will be contacted. This process is entirely free of charge to candidates.",0
"Karabo Group 576 is recruiting a HR Assistant based in Pretoria. Remuneration is R9480 per month, in line with industry norms. Responsibilities cover the standard scope of a hr assistant role at this level. Minimum requirement: Matric certificate, relevant experience preferred. Interested candidates can send a CV through our listing on our LinkedIn page. Only shortlisted applicants will be contacted. This process is entirely free of charge to candidates.",0
"A General Worker position is now open at Sizwe Solutions 279, Pretoria. Remuneration is R6904 per month, in line with industry norms. Duties include general general worker responsibilities as outlined in the attached job description. A completed Matric and prior experience in a similar role is preferred. Please apply directly through Indeed with an updated CV. We do not charge any fee at any stage of hiring. Shortlisted candidates hear back within ten working days.",0
"Nomvula Logistics 520 has a vacancy for a Call Centre Agent in the Pretoria area. Remuneration is R10595 per month, in line with industry norms. Duties include general call centre agent responsibilities as outlined in the attached job description. Minimum requirement: Matric certificate, relevant experience preferred. Interested candidates can send a CV through our listing on Careers24. We do not charge any fee at any stage of hiring. Shortlisted candidates hear back within ten working days.",0
"Mpho Solutions 172 has a vacancy for a General Worker in the Durban area. Salary offered is R6967 per month, negotiable based on experience. Duties include general general worker responsibilities as outlined in the attached job description. Candidates should have a Grade 12 qualification and some relevant work history. Please apply directly through Indeed with an updated CV. Only shortlisted applicants will be contacted. This process is entirely free of charge to candidates.",0
"We're looking for a HR Assistant to join Karabo Logistics 184 in Polokwane. Salary offered is R12238 per month, negotiable based on experience. Responsibilities cover the standard scope of a hr assistant role at this level. A completed Matric and prior experience in a similar role is preferred. To apply, submit your CV via our official careers page at careers.karabologistics184.co.za. We do not charge any fee at any stage of hiring. Shortlisted candidates hear back within ten working days.",0
"We're looking for a Software Developer to join Thandeka Solutions 290 in Nelspruit. Remuneration is R43745 per month, in line with industry norms. Duties include general software developer responsibilities as outlined in the attached job description. Minimum requirement: Matric certificate, relevant experience preferred. To apply, submit your CV via our official careers page at careers.thandekasolutions290.co.za. Shortlisted candidates will be contacted for an interview within two weeks. No fees of any kind are charged during recruitment.",0
"Lerato Retail 208 has a vacancy for a Sales Representative in the Polokwane area. Remuneration is R7647 per month, in line with industry norms. Responsibilities cover the standard scope of a sales representative role at this level. Minimum requirement: Matric certificate, relevant experience preferred. To apply, submit your CV via our official careers page at careers.leratoretail208.co.za. We do not charge any fee at any stage of hiring. Shortlisted candidates hear back within ten working days.",0
"A General Worker position is now open at Thandeka Solutions 95, Nelspruit. Remuneration is R5456 per month, in line with industry norms. Responsibilities cover the standard scope of a general worker role at this level. Candidates should have a Grade 12 qualification and some relevant work history. Please apply directly through Careers24 with an updated CV. Only shortlisted applicants will be contacted. This process is entirely free of charge to candidates.",0
"Karabo Holdings 357 has a vacancy for a HR Assistant in the Midrand area. Salary offered is R11889 per month, negotiable based on experience. Responsibilities cover the standard scope of a hr assistant role at this level. A completed Matric and prior experience in a similar role is preferred. To apply, submit your CV via our official careers page at careers.karaboholdings357.co.za. Shortlisted candidates will be contacted for an interview within two weeks. No fees of any kind are charged during recruitment.",0
"A HR Assistant position is now open at Karabo Retail 126, Polokwane. Salary offered is R10088 per month, negotiable based on experience. Duties include general hr assistant responsibilities as outlined in the attached job description. Minimum requirement: Matric certificate, relevant experience preferred. To apply, submit your CV via our official careers page at careers.karaboretail126.co.za. Shortlisted candidates will be contacted for an interview within two weeks. No fees of any kind are charged during recruitment.",0
Karabo Logistics 151 is recruiting a HR Assistant based in Nelspruit. The role pays R13721/month depending on relevant experience. The successful candidate will handle day-to-day hr assistant tasks for the team. Candidates should have a Grade 12 qualification and some relevant work history. Please apply directly through Indeed with an updated CV. Shortlisted candidates will be contacted for an interview within two weeks. No fees of any kind are charged during recruitment.,0
"We're looking for a Software Developer to join Thandeka Retail 737 in Durban. Remuneration is R35942 per month, in line with industry norms. Responsibilities cover the standard scope of a software developer role at this level. Minimum requirement: Matric certificate, relevant experience preferred. Please apply directly through our LinkedIn page with an updated CV. Only shortlisted applicants will be contacted. This process is entirely free of charge to candidates.",0
"Lerato Group 115 has a vacancy for a Receptionist in the Kimberley area. Salary offered is R7779 per month, negotiable based on experience. The successful candidate will handle day-to-day receptionist tasks for the team. Candidates should have a Grade 12 qualification and some relevant work history. Please apply directly through Indeed with an updated CV. Shortlisted candidates will be contacted for an interview within two weeks. No fees of any kind are charged during recruitment.",0
"A Driver position is now open at Karabo Logistics 504, Gqeberha. Remuneration is R7106 per month, in line with industry norms. The successful candidate will handle day-to-day driver tasks for the team. A completed Matric and prior experience in a similar role is preferred. Please apply directly through our LinkedIn page with an updated CV. We do not charge any fee at any stage of hiring. Shortlisted candidates hear back within ten working days.",0
"A Data Capturer position is now open at Nomvula Solutions 468, Cape Town. The role pays R9072/month depending on relevant experience. Duties include general data capturer responsibilities as outlined in the attached job description. Minimum requirement: Matric certificate, relevant experience preferred. Interested candidates can send a CV through our listing on Indeed. Only shortlisted applicants will be contacted. This process is entirely free of charge to candidates.",0
Vuyo Solutions 496 has a vacancy for a IT Support Technician in the Durban area. The role pays R18821/month depending on relevant experience. The successful candidate will handle day-to-day it support technician tasks for the team. A completed Matric and prior experience in a similar role is preferred. Interested candidates can send a CV through our listing on our LinkedIn page. Shortlisted candidates will be contacted for an interview within two weeks. No fees of any kind are charged during recruitment.,0
"A Software Developer position is now open at Karabo Holdings 574, Midrand. Salary offered is R34766 per month, negotiable based on experience. Duties include general software developer responsibilities as outlined in the attached job description. Candidates should have a Grade 12 qualification and some relevant work history. Please apply directly through Careers24 with an updated CV. Shortlisted candidates will be contacted for an interview within two weeks. No fees of any kind are charged during recruitment.",0
"A General Worker position is now open at Nomvula Holdings 726, Bloemfontein. Salary offered is R5050 per month, negotiable based on experience. The successful candidate will handle day-to-day general worker tasks for the team. A completed Matric and prior experience in a similar role is preferred. Interested candidates can send a CV through our listing on our LinkedIn page. Only shortlisted applicants will be contacted. This process is entirely free of charge to candidates.",0
"Mpho Retail 365 is recruiting a Cashier based in Nelspruit. Salary offered is R7985 per month, negotiable based on experience. Responsibilities cover the standard scope of a cashier role at this level. Minimum requirement: Matric certificate, relevant experience preferred. Interested candidates can send a CV through our listing on our LinkedIn page. We do not charge any fee at any stage of hiring. Shortlisted candidates hear back within ten working days.",0
"A Sales Representative position is now open at Thandeka Group 452, Polokwane. Salary offered is R10960 per month, negotiable based on experience. Duties include general sales representative responsibilities as outlined in the attached job description. Candidates should have a Grade 12 qualification and some relevant work history. Interested candidates can send a CV through our listing on Careers24. Shortlisted candidates will be contacted for an interview within two weeks. No fees of any kind are charged during recruitment.",0
"Thandeka (Pty) Ltd 41 has a vacancy for a Accountant in the Polokwane area. Salary offered is R22785 per month, negotiable based on experience. The successful candidate will handle day-to-day accountant tasks for the team. Candidates should have a Grade 12 qualification and some relevant work history. To apply, submit your CV via our official careers page at careers.thandeka41.co.za. We do not charge any fee at any stage of hiring. Shortlisted candidates hear back within ten working days.",0
"Sizwe (Pty) Ltd 506 is recruiting a General Worker based in Durban. Remuneration is R5564 per month, in line with industry norms. Duties include general general worker responsibilities as outlined in the attached job description. Candidates should have a Grade 12 qualification and some relevant work history. Interested candidates can send a CV through our listing on our LinkedIn page. We do not charge any fee at any stage of hiring. Shortlisted candidates hear back within ten working days.",0
"We're looking for a Receptionist to join Thandeka Solutions 118 in Midrand. Salary offered is R7208 per month, negotiable based on experience. The successful candidate will handle day-to-day receptionist tasks for the team. Candidates should have a Grade 12 qualification and some relevant work history. To apply, submit your CV via our official careers page at careers.thandekasolutions118.co.za. We do not charge any fee at any stage of hiring. Shortlisted candidates hear back within ten working days.",0
"We're looking for a Software Developer to join Sizwe Solutions 446 in Nelspruit. Remuneration is R25258 per month, in line with industry norms. The successful candidate will handle day-to-day software developer tasks for the team. Candidates should have a Grade 12 qualification and some relevant work history. Interested candidates can send a CV through our listing on our LinkedIn page. Only shortlisted applicants will be contacted. This process is entirely free of charge to candidates.",0
Lerato Holdings 478 is recruiting a Warehouse Assistant based in Cape Town. The role pays R7983/month depending on relevant experience. Duties include general warehouse assistant responsibilities as outlined in the attached job description. Candidates should have a Grade 12 qualification and some relevant work history. Please apply directly through Pnet with an updated CV. We do not charge any fee at any stage of hiring. Shortlisted candidates hear back within ten working days.,0
"Lerato Logistics 722 has a vacancy for a HR Assistant in the Durban area. Salary offered is R8219 per month, negotiable based on experience. Responsibilities cover the standard scope of a hr assistant role at this level. A completed Matric and prior experience in a similar role is preferred. Please apply directly through Pnet with an updated CV. Shortlisted candidates will be contacted for an interview within two weeks. No fees of any kind are charged during recruitment.",0
"Karabo (Pty) Ltd 167 has a vacancy for a Sales Representative in the Polokwane area. Remuneration is R13198 per month, in line with industry norms. Responsibilities cover the standard scope of a sales representative role at this level. A completed Matric and prior experience in a similar role is preferred. To apply, submit your CV via our official careers page at careers.karabo167.co.za. We do not charge any fee at any stage of hiring. Shortlisted candidates hear back within ten working days.",0
"We're looking for a Receptionist to join Karabo Logistics 266 in Midrand. Remuneration is R6932 per month, in line with industry norms. The successful candidate will handle day-to-day receptionist tasks for the team. Minimum requirement: Matric certificate, relevant experience preferred. Please apply directly through our LinkedIn page with an updated CV. We do not charge any fee at any stage of hiring. Shortlisted candidates hear back within ten working days.",0
We're looking for a Cashier to join Nomvula Group 481 in Nelspruit. The role pays R5276/month depending on relevant experience. Responsibilities cover the standard scope of a cashier role at this level. Candidates should have a Grade 12 qualification and some relevant work history. Please apply directly through Pnet with an updated CV. We do not charge any fee at any stage of hiring. Shortlisted candidates hear back within ten working days.,0
"A Data Capturer position is now open at Mpho Group 36, Midrand. Salary offered is R9024 per month, negotiable based on experience. Duties include general data capturer responsibilities as outlined in the attached job description. Candidates should have a Grade 12 qualification and some relevant work history. Interested candidates can send a CV through our listing on Pnet. Only shortlisted applicants will be contacted. This process is entirely free of charge to candidates.",0
"Nomvula Logistics 187 has a vacancy for a IT Support Technician in the Durban area. Remuneration is R12526 per month, in line with industry norms. Duties include general it support technician responsibilities as outlined in the attached job description. Minimum requirement: Matric certificate, relevant experience preferred. To apply, submit your CV via our official careers page at careers.nomvulalogistics187.co.za. We do not charge any fee at any stage of hiring. Shortlisted candidates hear back within ten working days.",0
"A Call Centre Agent position is now open at Mpho Holdings 235, Johannesburg. Remuneration is R10293 per month, in line with industry norms. The successful candidate will handle day-to-day call centre agent tasks for the team. Minimum requirement: Matric certificate, relevant experience preferred. Interested candidates can send a CV through our listing on Careers24. Only shortlisted applicants will be contacted. This process is entirely free of charge to candidates.",0
Lerato Holdings 55 is recruiting a Sales Representative based in Midrand. The role pays R7160/month depending on relevant experience. Responsibilities cover the standard scope of a sales representative role at this level. Candidates should have a Grade 12 qualification and some relevant work history. Interested candidates can send a CV through our listing on Careers24. Only shortlisted applicants will be contacted. This process is entirely free of charge to candidates.,0
"A HR Assistant position is now open at Thandeka Retail 152, Gqeberha. Remuneration is R13757 per month, in line with industry norms. Responsibilities cover the standard scope of a hr assistant role at this level. Minimum requirement: Matric certificate, relevant experience preferred. Interested candidates can send a CV through our listing on Indeed. Shortlisted candidates will be contacted for an interview within two weeks. No fees of any kind are charged during recruitment.",0
"A Sales Representative position is now open at Vuyo Group 193, Cape Town. Remuneration is R9561 per month, in line with industry norms. Responsibilities cover the standard scope of a sales representative role at this level. Candidates should have a Grade 12 qualification and some relevant work history. Interested candidates can send a CV through our listing on our LinkedIn page. Shortlisted candidates will be contacted for an interview within two weeks. No fees of any kind are charged during recruitment.",0
"A Warehouse Assistant position is now open at Lerato Solutions 54, Nelspruit. The role pays R5763/month depending on relevant experience. Duties include general warehouse assistant responsibilities as outlined in the attached job description. Minimum requirement: Matric certificate, relevant experience preferred. Interested candidates can send a CV through our listing on our LinkedIn page. We do not charge any fee at any stage of hiring. Shortlisted candidates hear back within ten working days.",0
"Karabo Holdings 450 is recruiting a Sales Representative based in Bloemfontein. The role pays R14021/month depending on relevant experience. Responsibilities cover the standard scope of a sales representative role at this level. A completed Matric and prior experience in a similar role is preferred. To apply, submit your CV via our official careers page at careers.karaboholdings450.co.za. We do not charge any fee at any stage of hiring. Shortlisted candidates hear back within ten working days.",0
"We're looking for a General Worker to join Sizwe (Pty) Ltd 651 in Nelspruit. The role pays R5881/month depending on relevant experience. Duties include general general worker responsibilities as outlined in the attached job description. Minimum requirement: Matric certificate, relevant experience preferred. Please apply directly through Careers24 with an updated CV. Only shortlisted applicants will be contacted. This process is entirely free of charge to candidates.",0
"Nomvula (Pty) Ltd 673 has a vacancy for a Administrator in the Polokwane area. Salary offered is R12082 per month, negotiable based on experience. Duties include general administrator responsibilities as outlined in the attached job description. Candidates should have a Grade 12 qualification and some relevant work history. Interested candidates can send a CV through our listing on our LinkedIn page. We do not charge any fee at any stage of hiring. Shortlisted candidates hear back within ten working days.",0
"A General Worker position is now open at Karabo Solutions 569, Johannesburg. The role pays R6614/month depending on relevant experience. Responsibilities cover the standard scope of a general worker role at this level. Candidates should have a Grade 12 qualification and some relevant work history. Interested candidates can send a CV through our listing on Careers24. Only shortlisted applicants will be contacted. This process is entirely free of charge to candidates.",0
